user_input,response
me fale sobre a FLIP,"A FLIP - Festa Literaria Internacional de Paraty e um festival intimista e sofisticado realizado na historica cidade de Paraty, reconhecido internacionalmente pela qualidade de sua programacao. Acesse www.flip.org.br para mais informacoes."
qual a maior feira literaria do Brasil?,"A Bienal Internacional do Livro de Sao Paulo e considerada a maior feira literaria do Brasil e uma das maiores da America Latina, recebendo milhoes de visitantes por edicao."
quais autores participam da Bienal do Livro Bahia?,"A Bienal do Livro Bahia ja recebeu como convidados nomes como Milton Hatoum, Ailton Krenak e Itamar Vieira Junior, entre outros autores brasileiros e internacionais. Os convidados de cada nova edicao sao anunciados em www.bienaldolivrobahia.com.br."
quero saber tudo sobre a FLOR,"A FLOR - Feira Literaria do Orgulho e Resistencia e uma feira literaria dedicada a vozes LGBTQIA+, perifericas e de resistencia, celebrando a diversidade e o poder transformador da literatura. Ocorre em junho em Sao Paulo (SP). Mais informacoes em www.feiraflor.com.br."
qual o endereco completo da Bienal Rio?,"O endereco da Bienal do Rio de Janeiro e: Av. Salvador Allende, 6555 - Barra da Tijuca, Rio de Janeiro (RJ) - CEP 22783-127 (Riocentro, Pavilhao 3). Para informacoes de transporte e estacionamento, consulte www.bienaldorio.com.br."
quanto custa o ingresso da FLOR?,"Os precos dos ingressos da FLOR - Feira Literaria do Orgulho e Resistencia variam a cada edicao. Em geral, ha ingressos simbolicos (a partir de R$ 20,00) e costumam existir dias ou atividades de entrada gratuita. Verifique os valores atuais em www.feiraflor.com.br."
a Bienal Internacional do Livro de Pernambuco cobra entrada?,"Os precos dos ingressos da Bienal Internacional do Livro de Pernambuco variam a cada edicao. Em geral, ha ingressos simbolicos (a partir de R$ 20,00) e costumam existir dias ou atividades de entrada gratuita. Verifique os valores atuais em www.bienaldolivrope.com.br."
onde fica a Feira do Livro POA?,A Feira do Livro de Porto Alegre e realizada em Porto Alegre (RS) - Praca da Alfandega.
vale a pena ir na Bienal PE?,"Com certeza! A Bienal Internacional do Livro de Pernambuco e um dos grandes festivais do livro no coracao do Nordeste, destacando autores regionais e internacionais com rica programacao cultural. Confira a programacao em www.bienaldolivrope.com.br e planeje sua visita."
tem entrada gratuita na Festa Literaria POA?,"Os precos dos ingressos da Festa Literaria de Porto Alegre variam a cada edicao. Em geral, ha ingressos simbolicos (a partir de R$ 20,00) e costumam existir dias ou atividades de entrada gratuita. Verifique os valores atuais em festaliterariaportaalegre.com.br."
quais as datas da Bienal Internacional do Livro de Sao Paulo?,"A Bienal Internacional do Livro de Sao Paulo geralmente acontece em julho. Para as datas exatas desta edicao, consulte www.bienaldolivro.com.br."
a Bienal PE e em qual cidade?,A Bienal Internacional do Livro de Pernambuco e realizada em Recife (PE) - Centro de Convencoes.
quem e o homenageado da Bienal PE?,"A Bienal Internacional do Livro de Pernambuco ja prestou homenagem a grandes nomes da literatura, como Clarice Lispector, Joao Cabral de Melo Neto e Ariano Suassuna. O autor ou autora homenageado(a) de cada edicao e anunciado(a) em www.bienaldolivrope.com.br."
quais autores ja foram convidados para a Feira Unesp?,"A Feira do Livro da Unesp ja recebeu como convidados nomes como Ailton Krenak e Milton Hatoum, entre outros autores. Os convidados de cada nova edicao sao anunciados em www.livraria.unesp.br."
me conta sobre a FLIP - Festa Literaria Internacional de Paraty,"A FLIP - Festa Literaria Internacional de Paraty e um festival intimista e sofisticado realizado na historica cidade de Paraty, reconhecido internacionalmente pela qualidade de sua programacao. Acesse www.flip.org.br para mais informacoes."
quais as atividades da Feira do Livro POA?,"A Feira do Livro de Porto Alegre costuma oferecer: bate-papos com autores, mesas de debate, lancamentos de livros, oficinas literarias e espacos para criancas. A programacao completa e divulgada em www.feiradolivro.com.br proximo ao evento."
a FLIC ja homenageou quais autores?,"A FLIC - Festa Literaria de Belo Horizonte ja prestou homenagem a grandes nomes da literatura, como Guimaraes Rosa, Drummond de Andrade e Conceicao Evaristo. O autor ou autora homenageado(a) de cada edicao e anunciado(a) em www.flicbh.com.br."
por que a Bienal Bahia e importante?,"A Bienal do Livro Bahia e fundamental para fomentar a leitura e a cultura no Brasil, conectando autores, editoras e leitores de todo o pais. E uma experiencia enriquecedora para qualquer amante da literatura."
o que e a FLOR?,"A FLOR - Feira Literaria do Orgulho e Resistencia e uma feira literaria dedicada a vozes LGBTQIA+, perifericas e de resistencia, celebrando a diversidade e o poder transformador da literatura. Acesse www.feiraflor.com.br para mais informacoes."
precisa pagar para entrar na Flipocos?,"Os precos dos ingressos da Flipocos - Festa Literaria de Pocos de Caldas variam a cada edicao. Em geral, ha ingressos simbolicos (a partir de R$ 20,00) e costumam existir dias ou atividades de entrada gratuita. Verifique os valores atuais em www.flipocos.com.br."
quais escritores foram homenageados pela Festival Literario SC?,"A Festival Literario Catarinense ja prestou homenagem a grandes nomes da literatura, como Salim Miguel, Antonieta de Barros e Cruz e Sousa. O autor ou autora homenageado(a) de cada edicao e anunciado(a) em www.festivalliterariosc.com.br."
qual o preco do ingresso para a Bienal Bahia?,"Os precos dos ingressos da Bienal do Livro Bahia variam a cada edicao. Em geral, ha ingressos simbolicos (a partir de R$ 20,00) e costumam existir dias ou atividades de entrada gratuita. Verifique os valores atuais em www.bienaldolivrobahia.com.br."
qual e o local da Flipocos?,A Flipocos - Festa Literaria de Pocos de Caldas e realizada em Pocos de Caldas (MG).
qual o endereco da Bienal Bahia?,"A Bienal do Livro Bahia acontece em: Centro de Convencoes da Bahia - Av. Antonio Carlos Magalhaes, s/n - Stiep, Salvador (BA) - CEP 41770-019. Mais detalhes logisticos em www.bienaldolivrobahia.com.br."
e ai,"Ola! Sou o ChatLitera, seu guia sobre feiras literarias brasileiras. Posso ajudar com datas, locais, programacao, ingressos e muito mais. O que voce quer saber?"
me explica o que e a FLIC,"A FLIC - Festa Literaria de Belo Horizonte e um festival mineiro com forte identidade cultural, promovendo debates, oficinas e lancamentos de livros. Acesse www.flicbh.com.br para mais informacoes."
quando vai ser a Feira Unesp esse ano?,"A Feira do Livro da Unesp geralmente acontece em outubro. Para as datas exatas desta edicao, consulte www.livraria.unesp.br."
quando e a bienal do livro?,"Temos varias Bienais do Livro no Brasil, cada uma com seu calendario proprio: Sao Paulo (julho), Rio de Janeiro (setembro), Bahia (outubro) e Pernambuco (outubro). Sobre qual delas voce quer saber a data exata?"
quanto custa o ingresso da FLIC?,"Os precos dos ingressos da FLIC - Festa Literaria de Belo Horizonte variam a cada edicao. Em geral, ha ingressos simbolicos (a partir de R$ 20,00) e costumam existir dias ou atividades de entrada gratuita. Verifique os valores atuais em www.flicbh.com.br."
quando ocorre a Flipocos - Festa Literaria de Pocos de Caldas?,"A Flipocos - Festa Literaria de Pocos de Caldas geralmente acontece em agosto. Para as datas exatas desta edicao, consulte www.flipocos.com.br."
quem recebeu homenagem na Feira do Livro da Unesp?,"A Feira do Livro da Unesp ja prestou homenagem a grandes nomes da literatura, como Florestan Fernandes, Paulo Freire e Mario de Andrade. O autor ou autora homenageado(a) de cada edicao e anunciado(a) em www.livraria.unesp.br."
quais autores participam da Festival Literario Catarinense?,"A Festival Literario Catarinense ja recebeu como convidados nomes como Conceicao Evaristo, Milton Hatoum e Ailton Krenak, entre outros autores brasileiros e internacionais. Os convidados de cada nova edicao sao anunciados em www.festivalliterariosc.com.br."
qual o preco do ingresso para a Bienal Rio?,"Os precos dos ingressos da Bienal do Rio de Janeiro variam a cada edicao. Em geral, ha ingressos simbolicos (a partir de R$ 20,00) e costumam existir dias ou atividades de entrada gratuita. Verifique os valores atuais em www.bienaldorio.com.br."
quais autores ja foram convidados para a Bienal do Livro do Rio?,"A Bienal do Rio de Janeiro ja recebeu como convidados nomes como Conceicao Evaristo, Djamila Ribeiro e Milton Hatoum, entre outros. Os convidados de cada edicao sao anunciados em www.bienaldorio.com.br."
o que e a Feira do Livro de Porto Alegre?,"A Feira do Livro de Porto Alegre e a mais antiga feira literaria do Brasil, realizada ao ar livre na iconica Praca da Alfandega desde 1955. Acesse www.feiradolivro.com.br para mais informacoes."
me conta sobre a bienal do livro,"A Bienal do Livro e um grande festival cultural e literario que reune editoras, livrarias, autores e leitores para celebrar a leitura. No Brasil temos varias: Bienal de Sao Paulo, Bienal do Rio de Janeiro, Bienal Bahia (Salvador) e Bienal de Pernambuco (Recife). Sobre qual delas voce gostaria de saber mais?"
qual o endereco da FLOR - Feira Literaria do Orgulho e Resistencia?,"O endereco da FLOR - Feira Literaria do Orgulho e Resistencia e: Largo do Arouche, s/n - Republica, Sao Paulo (SP) - CEP 01219-010 (Largo do Arouche e adjacencias). Para informacoes de transporte e estacionamento, consulte www.feiraflor.com.br."
por que a Bienal do Livro SP e importante?,"A Bienal Internacional do Livro de Sao Paulo e fundamental para fomentar a leitura e a cultura no Brasil, conectando autores, editoras e leitores de todo o pais. E uma experiencia enriquecedora para qualquer amante da literatura."
quem ja participou da Bienal PE?,"A Bienal Internacional do Livro de Pernambuco ja recebeu como convidados nomes como Djamila Ribeiro, Itamar Vieira Junior e Ailton Krenak, entre outros autores brasileiros e internacionais. Os convidados de cada nova edicao sao anunciados em www.bienaldolivrope.com.br."
quem ja foi convidado para a Feira do Livro POA?,"A Feira do Livro de Porto Alegre ja recebeu como convidados nomes como Itamar Vieira Junior, Djamila Ribeiro e Ailton Krenak, entre outros autores brasileiros e internacionais. Os convidados de cada nova edicao sao anunciados em www.feiradolivro.com.br."
vale a pena ir na Bienal Bahia?,"Com certeza! A Bienal do Livro Bahia e um dos maiores eventos literarios do Nordeste, reunindo autores, editoras e leitores em Salvador com forte identidade cultural baiana. Confira a programacao em www.bienaldolivrobahia.com.br e planeje sua visita."
quais escritores foram homenageados pela FLIP?,"A FLIP - Festa Literaria Internacional de Paraty ja prestou homenagem a grandes nomes da literatura, como Guimaraes Rosa, Hilda Hilst e Carlos Drummond de Andrade. O autor ou autora homenageado(a) de cada edicao e anunciado(a) em www.flip.org.br."
a Flipocos e paga?,"Os precos dos ingressos da Flipocos - Festa Literaria de Pocos de Caldas variam a cada edicao. Em geral, ha ingressos simbolicos (a partir de R$ 20,00) e costumam existir dias ou atividades de entrada gratuita. Verifique os valores atuais em www.flipocos.com.br."
qual o periodo da Festa Literaria POA?,"A Festa Literaria de Porto Alegre geralmente acontece em novembro. Para as datas exatas desta edicao, consulte festaliterariaportaalegre.com.br."
onde fica a FLOR?,A FLOR - Feira Literaria do Orgulho e Resistencia e realizada em Sao Paulo (SP).
o que e a FLOR - Feira Literaria do Orgulho e Resistencia?,"A FLOR - Feira Literaria do Orgulho e Resistencia e uma feira literaria dedicada a vozes LGBTQIA+, perifericas e de resistencia, celebrando a diversidade e o poder transformador da literatura. Acesse www.feiraflor.com.br para mais informacoes."
quais escritores costumam ir a Flipocos?,"A Flipocos - Festa Literaria de Pocos de Caldas ja recebeu como convidados nomes como Itamar Vieira Junior, Milton Hatoum e Djamila Ribeiro, entre outros autores brasileiros e internacionais. Os convidados de cada nova edicao sao anunciados em www.flipocos.com.br."
o que e a Bienal Internacional do Livro de Sao Paulo?,"A Bienal Internacional do Livro de Sao Paulo e um dos maiores eventos literarios da America Latina, reunindo editoras, autores e leitores do mundo inteiro. Acesse www.bienaldolivro.com.br para mais informacoes."
as feiras literarias sao acessiveis para pessoas com deficiencia?,"As grandes feiras, como a Bienal do Livro SP e a FLIP, tem se preocupado cada vez mais com acessibilidade, oferecendo rampas, interpretes de Libras e materiais em Braille. Consulte os sites oficiais para detalhes de cada edicao."
quanto vale um dolar hoje?,"Isso foge do meu dominio! Sou especialista em feiras literarias do Brasil. Posso ajudar com informacoes sobre Bienal, FLIP, FLIC e outros eventos."
voce recomenda alguma feira para quem gosta de cronica?,"Para quem aprecia cronica, a Bienal do Livro SP costuma ter a maior variedade de titulos e lancamentos nesse estilo. A FLIP tambem tem mesas tematicas e debates sobre diferentes correntes literarias. Vale conferir a programacao antes de ir."
grata,"Fico feliz em ajudar! Se tiver mais duvidas sobre feiras literarias, e so perguntar."
boa tarde,"Ola! Sou o ChatLitera, seu guia sobre feiras literarias brasileiras. Posso ajudar com datas, locais, programacao, ingressos e muito mais. O que voce quer saber?"
por que a FLOR e importante?,"A FLOR - Feira Literaria do Orgulho e Resistencia e fundamental para fomentar a leitura e a cultura no Brasil, conectando autores, editoras e leitores de todo o pais. E uma experiencia enriquecedora para qualquer amante da literatura."
qual a importancia da FLOR?,"A FLOR - Feira Literaria do Orgulho e Resistencia e fundamental para fomentar a leitura e a cultura no Brasil, conectando autores, editoras e leitores de todo o pais. E uma experiencia enriquecedora para qualquer amante da literatura."
fala sobre a Festival Literario SC,"A Festival Literario Catarinense e um dos principais festivais do Sul do Brasil, celebrando a literatura catarinense e nacional com debates, lancamentos e oficinas. Acesse www.festivalliterariosc.com.br para mais informacoes."
precisa pagar para entrar na Feira Unesp?,"Os precos dos ingressos da Feira do Livro da Unesp variam a cada edicao. Em geral, ha ingressos simbolicos (a partir de R$ 20,00) e costumam existir dias ou atividades de entrada gratuita. Verifique os valores atuais em www.livraria.unesp.br."
quem ja participou da Bienal do Livro SP?,"A Bienal Internacional do Livro de Sao Paulo ja recebeu como convidados nomes como Ailton Krenak, Milton Hatoum e Itamar Vieira Junior, entre outros autores brasileiros e internacionais. Os convidados de cada nova edicao sao anunciados em www.bienaldolivro.com.br."
por que a Bienal PE e importante?,"A Bienal Internacional do Livro de Pernambuco e fundamental para fomentar a leitura e a cultura no Brasil, conectando autores, editoras e leitores de todo o pais. E uma experiencia enriquecedora para qualquer amante da literatura."
me conta sobre a Flipocos - Festa Literaria de Pocos de Caldas,"A Flipocos - Festa Literaria de Pocos de Caldas e um festival literario encantador na cidade das aguas, com programacao intimista e diversificada para leitores de todas as idades. Acesse www.flipocos.com.br para mais informacoes."
qual a programacao da Bienal Rio?,"A Bienal do Rio de Janeiro costuma oferecer: bate-papos com autores, mesas de debate, lancamentos de livros, oficinas literarias e espacos para criancas. A programacao completa e divulgada em www.bienaldorio.com.br proximo ao evento."
como chegar na Festa Literaria POA?,"O endereco da Festa Literaria de Porto Alegre e: Usina do Gasometro - Av. Presidente Joao Goulart, 551 - Centro Historico, Porto Alegre (RS) - CEP 90010-310. Para informacoes de transporte e estacionamento, consulte festaliterariaportaalegre.com.br."
vale a pena ir na Feira do Livro POA?,"A Feira do Livro de Porto Alegre e fundamental para fomentar a leitura e a cultura no Brasil, conectando autores, editoras e leitores de todo o pais. E uma experiencia enriquecedora para qualquer amante da literatura."
quais sao as principais feiras literarias do Brasil?,"As principais feiras literarias do Brasil sao: Bienal Internacional do Livro de SP, Bienal do Rio, FLIP (Paraty), FLIC (Belo Horizonte), Festa Literaria POA, Feira do Livro de Porto Alegre, FLOR (Sao Paulo), Bienal Bahia, Bienal PE (Recife), Feira Unesp, Flipocos (Pocos de Caldas) e Festival Literario Catarinense. Cada uma tem sua identidade unica."
quem foi homenageado na Bienal Bahia?,"A Bienal do Livro Bahia ja prestou homenagem a grandes nomes da literatura, como Jorge Amado, Ariano Suassuna e Conceicao Evaristo. O autor ou autora homenageado(a) de cada edicao e anunciado(a) em www.bienaldolivrobahia.com.br."
me diz autores que ja foram na Bienal Bahia,"A Bienal do Livro Bahia ja recebeu como convidados nomes como Itamar Vieira Junior, Milton Hatoum e Djamila Ribeiro, entre outros autores brasileiros e internacionais. Os convidados de cada nova edicao sao anunciados em www.bienaldolivrobahia.com.br."
quem recebeu homenagem na Festa Literaria de Porto Alegre?,"A Festa Literaria de Porto Alegre ja prestou homenagem a grandes nomes da literatura, como Rubem Braga, Moacyr Scliar e Erico Verissimo. O autor ou autora homenageado(a) de cada edicao e anunciado(a) em festaliterariaportaalegre.com.br."
tem como me informar sobre a Bienal Bahia?,"Claro! A Bienal do Livro Bahia acontece em outubro, em Salvador (BA) - Centro de Convencoes. Para mais detalhes, acesse www.bienaldolivrobahia.com.br."
quem sao os homenageados da Bienal Rio?,"A Bienal do Rio de Janeiro ja prestou homenagem a grandes nomes da literatura, como Machado de Assis, Clarice Lispector e Graciliano Ramos. O autor ou autora homenageado(a) de cada edicao e anunciado(a) em www.bienaldorio.com.br."
quero saber tudo sobre a FLIP,"A FLIP - Festa Literaria Internacional de Paraty e um festival intimista e sofisticado realizado na historica cidade de Paraty, reconhecido internacionalmente pela qualidade de sua programacao. Ocorre em julho/agosto em Paraty (RJ). Mais informacoes em www.flip.org.br."
me conta sobre a Festival Literario Catarinense,"A Festival Literario Catarinense e um dos principais festivais do Sul do Brasil, celebrando a literatura catarinense e nacional com debates, lancamentos e oficinas. Acesse www.festivalliterariosc.com.br para mais informacoes."
como chegar na Bienal Rio?,"O endereco da Bienal do Rio de Janeiro e: Av. Salvador Allende, 6555 - Barra da Tijuca, Rio de Janeiro (RJ) - CEP 22783-127 (Riocentro, Pavilhao 3). Para informacoes de transporte e estacionamento, consulte www.bienaldorio.com.br."
tem bate-papo com autores na Feira do Livro POA?,"A Feira do Livro de Porto Alegre costuma oferecer: bate-papos com autores, mesas de debate, lancamentos de livros, oficinas literarias e espacos para criancas. A programacao completa e divulgada em www.feiradolivro.com.br proximo ao evento."
onde acontece a Bienal do Livro SP?,A Bienal Internacional do Livro de Sao Paulo e realizada em Sao Paulo (SP) - Pavilhao do Anhembi.
qual o resultado do jogo de ontem?,"Desculpe, meu foco sao as feiras literarias brasileiras! Posso ajudar com datas, autores, ingressos e programacao de eventos literarios."
quem ja participou da Festival Literario SC?,"A Festival Literario Catarinense ja recebeu como convidados nomes como Conceicao Evaristo, Djamila Ribeiro e Ailton Krenak, entre outros autores brasileiros e internacionais. Os convidados de cada nova edicao sao anunciados em www.festivalliterariosc.com.br."
qual o endereco completo da FLIP?,"O endereco da FLIP - Festa Literaria Internacional de Paraty e: Praca da Matriz, s/n - Centro Historico, Paraty (RJ) - CEP 23970-000 (Casa da Cultura de Paraty e espacos do centro historico). Para informacoes de transporte e estacionamento, consulte www.flip.org.br."
me conta sobre a Feira do Livro de Porto Alegre,"A Feira do Livro de Porto Alegre e a mais antiga feira literaria do Brasil, realizada ao ar livre na iconica Praca da Alfandega desde 1955. Acesse www.feiradolivro.com.br para mais informacoes."
qual o periodo da Feira do Livro POA?,"A Feira do Livro de Porto Alegre geralmente acontece em outubro/novembro. Para as datas exatas desta edicao, consulte www.feiradolivro.com.br."
quais autores ja foram convidados para a Flipocos?,"A Flipocos - Festa Literaria de Pocos de Caldas ja recebeu como convidados nomes como Conceicao Evaristo e Djamila Ribeiro, entre outros autores. Os convidados de cada nova edicao sao anunciados em www.flipocos.com.br."
qual a importancia da Bienal PE?,"A Bienal Internacional do Livro de Pernambuco e fundamental para fomentar a leitura e a cultura no Brasil, conectando autores, editoras e leitores de todo o pais. E uma experiencia enriquecedora para qualquer amante da literatura."
me da o endereco da Bienal do Livro SP,"O endereco da Bienal Internacional do Livro de Sao Paulo e: Av. Olavo Fontoura, 1209 - Santana, Sao Paulo (SP) - CEP 02012-021 (Pavilhao do Anhembi). Para informacoes de transporte e estacionamento, consulte www.bienaldolivro.com.br."
quais autores ja foram convidados para a FLIC?,"A FLIC - Festa Literaria de Belo Horizonte ja recebeu como convidados nomes como Ailton Krenak, Milton Hatoum e Itamar Vieira Junior, entre outros autores brasileiros e internacionais. Os convidados de cada nova edicao sao anunciados em www.flicbh.com.br."
o que tem na Festa Literaria POA?,"A Festa Literaria de Porto Alegre costuma oferecer: bate-papos com autores, mesas de debate, lancamentos de livros, oficinas literarias e espacos para criancas. A programacao completa e divulgada em festaliterariaportaalegre.com.br proximo ao evento."
qual a data da Festival Literario SC?,"A Festival Literario Catarinense geralmente acontece em setembro. Para as datas exatas desta edicao, consulte www.festivalliterariosc.com.br."
onde fica a Bienal PE?,A Bienal Internacional do Livro de Pernambuco e realizada em Recife (PE) - Centro de Convencoes.
quando e a Bienal do Livro de Sao Paulo?,A Bienal Internacional do Livro de Sao Paulo geralmente acontece em julho. Consulte www.bienaldolivro.com.br para as datas exatas.
qual o local exato da Feira Unesp?,"O endereco da Feira do Livro da Unesp e: Rua Quirino de Andrade, 215 - Centro, Sao Paulo (SP) - CEP 01049-010 (Editora Unesp / Livraria da Unesp). Para informacoes de transporte e estacionamento, consulte www.livraria.unesp.br."
vale a pena ir na FLIP?,"Com certeza! A FLIP - Festa Literaria Internacional de Paraty e um festival intimista e sofisticado realizado na historica cidade de Paraty, reconhecido internacionalmente pela qualidade de sua programacao. Confira a programacao em www.flip.org.br e planeje sua visita."
quanto e o ticket da Bienal Bahia?,"Os precos dos ingressos da Bienal do Livro Bahia variam a cada edicao. Em geral, ha ingressos simbolicos (a partir de R$ 20,00) e costumam existir dias ou atividades de entrada gratuita. Verifique os valores atuais em www.bienaldolivrobahia.com.br."
voce recomenda alguma feira para quem gosta de thriller?,"Para quem aprecia thriller, a Bienal do Livro SP costuma ter a maior variedade de titulos e lancamentos nesse estilo. A FLIP tambem tem mesas tematicas e debates sobre diferentes correntes literarias. Vale conferir a programacao antes de ir."
quais as datas da FLOR - Feira Literaria do Orgulho e Resistencia?,"A FLOR - Feira Literaria do Orgulho e Resistencia geralmente acontece em junho. Para as datas exatas desta edicao, consulte www.feiraflor.com.br."
quais as atividades da Flipocos?,"A Flipocos - Festa Literaria de Pocos de Caldas costuma oferecer: bate-papos com autores, mesas de debate, lancamentos de livros, oficinas literarias e espacos para criancas. A programacao completa e divulgada em www.flipocos.com.br proximo ao evento."
a Bienal Rio e em qual cidade?,A Bienal do Rio de Janeiro e realizada em Rio de Janeiro (RJ) - Riocentro.
a FLOR ja homenageou quais autores?,"A FLOR - Feira Literaria do Orgulho e Resistencia ja prestou homenagem a grandes nomes da literatura, como Cassandra Rios, Caio Fernando Abreu e Joao Silverio Trevisan. O autor ou autora homenageado(a) de cada edicao e anunciado(a) em www.feiraflor.com.br."
quem recebeu homenagem na Feira do Livro de Porto Alegre?,"A Feira do Livro de Porto Alegre ja prestou homenagem a grandes nomes da literatura, como Josue Guimaraes, Erico Verissimo e Rubem Alves. O autor ou autora homenageado(a) de cada edicao e anunciado(a) em www.feiradolivro.com.br."
qual o endereco da Bienal do Livro do Rio?,"O endereco da Bienal do Rio de Janeiro e: Av. Salvador Allende, 6555 - Barra da Tijuca, Rio de Janeiro (RJ) - CEP 22783-127 (Riocentro, Pavilhao 3). Para informacoes de transporte e estacionamento, consulte www.bienaldorio.com.br."
tem como me informar sobre a Bienal PE?,"Claro! A Bienal Internacional do Livro de Pernambuco acontece em outubro, em Recife (PE) - Centro de Convencoes. Para mais detalhes, acesse www.bienaldolivrope.com.br."
quais escritores ja estiveram na Bienal Rio?,"A Bienal do Rio de Janeiro ja recebeu como convidados nomes como Djamila Ribeiro, Conceicao Evaristo e Ailton Krenak, entre outros autores brasileiros e internacionais. Os convidados de cada nova edicao sao anunciados em www.bienaldorio.com.br."
qual o endereco da Flipocos?,"O endereco da Flipocos - Festa Literaria de Pocos de Caldas e: Thermas Antonio Carlos - Av. Francisco Salles, 544 - Centro, Pocos de Caldas (MG) - CEP 37701-366. Para informacoes de transporte e estacionamento, consulte www.flipocos.com.br."
qual o endereco da FLIC - Festa Literaria de Belo Horizonte?,"O endereco da FLIC - Festa Literaria de Belo Horizonte e: Praca da Liberdade, s/n - Funcionarios, Belo Horizonte (MG) - CEP 30140-010 (Circuito Liberdade). Para informacoes de transporte e estacionamento, consulte www.flicbh.com.br."
qual o preco do ingresso para a FLOR?,"Os precos dos ingressos da FLOR - Feira Literaria do Orgulho e Resistencia variam a cada edicao. Em geral, ha ingressos simbolicos (a partir de R$ 20,00) e costumam existir dias ou atividades de entrada gratuita. Verifique os valores atuais em www.feiraflor.com.br."
em que mes acontece a Bienal Rio?,"A Bienal do Rio de Janeiro geralmente acontece em setembro. Para as datas exatas desta edicao, consulte www.bienaldorio.com.br."
qual o local exato da Bienal do Livro SP?,"O endereco da Bienal Internacional do Livro de Sao Paulo e: Av. Olavo Fontoura, 1209 - Santana, Sao Paulo (SP) - CEP 02012-021 (Pavilhao do Anhembi). Para informacoes de transporte e estacionamento, consulte www.bienaldolivro.com.br."
quando ocorre a Bienal do Rio de Janeiro?,"A Bienal do Rio de Janeiro geralmente acontece em setembro. Para as datas exatas desta edicao, consulte www.bienaldorio.com.br."
quais autores ja foram convidados para a FLOR?,"A FLOR - Feira Literaria do Orgulho e Resistencia ja recebeu como convidados nomes como Conceicao Evaristo e Itamar Vieira Junior, entre outros autores. Os convidados de cada nova edicao sao anunciados em www.feiraflor.com.br."
em que rua fica a FLIP?,"O endereco da FLIP - Festa Literaria Internacional de Paraty e: Praca da Matriz, s/n - Centro Historico, Paraty (RJ) - CEP 23970-000 (Casa da Cultura de Paraty e espacos do centro historico). Para informacoes de transporte e estacionamento, consulte www.flip.org.br."
quais escritores foram homenageados pela Feira do Livro POA?,"A Feira do Livro de Porto Alegre ja prestou homenagem a grandes nomes da literatura, como Lya Luft, Josue Guimaraes e Rubem Alves. O autor ou autora homenageado(a) de cada edicao e anunciado(a) em www.feiradolivro.com.br."
a Festa Literaria de Porto Alegre cobra entrada?,"Os precos dos ingressos da Festa Literaria de Porto Alegre variam a cada edicao. Em geral, ha ingressos simbolicos (a partir de R$ 20,00) e costumam existir dias ou atividades de entrada gratuita. Verifique os valores atuais em festaliterariaportaalegre.com.br."
tem bate-papo com autores na FLOR?,"A FLOR - Feira Literaria do Orgulho e Resistencia costuma oferecer: bate-papos com autores, mesas de debate, lancamentos de livros, oficinas literarias e espacos para criancas. A programacao completa e divulgada em www.feiraflor.com.br proximo ao evento."
onde acontece a Feira do Livro POA?,A Feira do Livro de Porto Alegre e realizada em Porto Alegre (RS) - Praca da Alfandega.
qual o endereco completo da Bienal Bahia?,"O endereco da Bienal do Livro Bahia e: Centro de Convencoes da Bahia - Av. Antonio Carlos Magalhaes, s/n - Stiep, Salvador (BA) - CEP 41770-019. Para informacoes de transporte e estacionamento, consulte www.bienaldolivrobahia.com.br."
quero saber tudo sobre a FLIC,"A FLIC - Festa Literaria de Belo Horizonte e um festival mineiro com forte identidade cultural, promovendo debates, oficinas e lancamentos de livros. Ocorre em junho em Belo Horizonte (MG). Mais informacoes em www.flicbh.com.br."
vale a pena ir na Festa Literaria POA?,"Com certeza! A Festa Literaria de Porto Alegre e um dos principais eventos literarios do Sul do Brasil, com intensa programacao de autores regionais e nacionais. Confira a programacao em festaliterariaportaalegre.com.br e planeje sua visita."
bom dia,"Ola! Sou o ChatLitera, seu guia sobre feiras literarias brasileiras. Posso ajudar com datas, locais, programacao, ingressos e muito mais. O que voce quer saber?"
onde acontece a Bienal Rio?,A Bienal do Rio de Janeiro e realizada em Rio de Janeiro (RJ) - Riocentro.
onde e realizada a Feira do Livro de Porto Alegre?,A Feira do Livro de Porto Alegre e realizada em Porto Alegre (RS) - Praca da Alfandega.
me fale sobre a Bienal Rio,"A Bienal do Rio de Janeiro e um dos eventos mais aguardados do Rio, com lancamentos exclusivos e encontros com grandes autores brasileiros e internacionais. Acesse www.bienaldorio.com.br para mais informacoes."
qual o endereco completo da Bienal PE?,"O endereco da Bienal Internacional do Livro de Pernambuco e: Centro de Convencoes de Pernambuco - Complexo Viario Via Expressa, s/n - Camaragibe (PE) - CEP 54768-000. Para informacoes de transporte e estacionamento, consulte www.bienaldolivrope.com.br."
quais escritores foram homenageados pela Bienal do Livro SP?,"A Bienal Internacional do Livro de Sao Paulo ja prestou homenagem a grandes nomes da literatura, como Jorge Amado, Clarice Lispector e Ariano Suassuna. O autor ou autora homenageado(a) de cada edicao e anunciado(a) em www.bienaldolivro.com.br."
vale a pena ir na Bienal PE?,"Com certeza! A Bienal Internacional do Livro de Pernambuco e um dos grandes festivais do livro no coracao do Nordeste, destacando autores regionais e internacionais com rica programacao cultural. Confira a programacao em www.bienaldolivrope.com.br e planeje sua visita."
o que e um festival literario?,"Um festival literario e um evento cultural dedicado a celebracao da leitura e da literatura, reunindo autores, editoras, livreiros e leitores. Costumam incluir debates, lancamentos de livros, oficinas e atividades culturais. No Brasil se destacam: FLIP (Paraty), FLIC (BH), FLOR (SP), Flipocos (Pocos de Caldas) e Festival Literario Catarinense."
quais autores foram homenageados na Feira Unesp?,"A Feira do Livro da Unesp ja prestou homenagem a grandes nomes da literatura, como Paulo Freire, Florestan Fernandes e Mario de Andrade. O autor ou autora homenageado(a) de cada edicao e anunciado(a) em www.livraria.unesp.br."
qual o endereco da Bienal do Livro do Rio de Janeiro?,"O endereco da Bienal do Rio de Janeiro e: Av. Salvador Allende, 6555 - Barra da Tijuca, Rio de Janeiro (RJ) - CEP 22783-127 (Riocentro, Pavilhao 3). Para informacoes de transporte e estacionamento, consulte www.bienaldorio.com.br."
qual o endereco da Bienal do Livro SP?,"A Bienal Internacional do Livro de Sao Paulo acontece em: Av. Olavo Fontoura, 1209 - Santana, Sao Paulo (SP) - CEP 02012-021 (Pavilhao do Anhembi). Mais detalhes logisticos em www.bienaldolivro.com.br."
a FLIP - Festa Literaria Internacional de Paraty cobra entrada?,"Os precos dos ingressos da FLIP - Festa Literaria Internacional de Paraty variam a cada edicao. Em geral, ha ingressos simbolicos (a partir de R$ 20,00) e costumam existir dias ou atividades de entrada gratuita. Verifique os valores atuais em www.flip.org.br."
quando vai ser a Bienal Bahia esse ano?,"A Bienal do Livro Bahia geralmente acontece em outubro. Para as datas exatas desta edicao, consulte www.bienaldolivrobahia.com.br."
onde acontece a Festival Literario SC?,A Festival Literario Catarinense e realizada em Florianopolis (SC).
quando e a Bienal do Livro do Rio de Janeiro?,A Bienal do Rio de Janeiro geralmente acontece em setembro. Consulte www.bienaldorio.com.br para as datas exatas.
em que epoca do ano rola a Festa Literaria POA?,"A Festa Literaria de Porto Alegre geralmente acontece em novembro. Para as datas exatas desta edicao, consulte festaliterariaportaalegre.com.br."
me explica o que e a FLOR,"A FLOR - Feira Literaria do Orgulho e Resistencia e uma feira literaria dedicada a vozes LGBTQIA+, perifericas e de resistencia, celebrando a diversidade e o poder transformador da literatura. Acesse www.feiraflor.com.br para mais informacoes."
agradeco,"Fico feliz em ajudar! Se tiver mais duvidas sobre feiras literarias, e so perguntar."
qual o endereco da Bienal PE?,"A Bienal Internacional do Livro de Pernambuco acontece em: Centro de Convencoes de Pernambuco - Complexo Viario Via Expressa, s/n - Camaragibe (PE) - CEP 54768-000. Mais detalhes logisticos em www.bienaldolivrope.com.br."
quem sao os homenageados da Bienal PE?,"A Bienal Internacional do Livro de Pernambuco ja prestou homenagem a grandes nomes da literatura, como Clarice Lispector, Ariano Suassuna e Joao Cabral de Melo Neto. O autor ou autora homenageado(a) de cada edicao e anunciado(a) em www.bienaldolivrope.com.br."
quem foi homenageado na FLIC?,"A FLIC - Festa Literaria de Belo Horizonte ja prestou homenagem a grandes nomes da literatura, como Conceicao Evaristo, Guimaraes Rosa e Drummond de Andrade. O autor ou autora homenageado(a) de cada edicao e anunciado(a) em www.flicbh.com.br."
quais autores ja foram convidados para a Bienal PE?,"A Bienal Internacional do Livro de Pernambuco ja recebeu como convidados nomes como Ailton Krenak e Conceicao Evaristo, entre outros autores. Os convidados de cada nova edicao sao anunciados em www.bienaldolivrope.com.br."
quero saber sobre a bienal do livro,"A Bienal do Livro e um grande festival cultural e literario que reune editoras, livrarias, autores e leitores para celebrar a leitura. No Brasil temos varias: Bienal de Sao Paulo, Bienal do Rio de Janeiro, Bienal Bahia (Salvador) e Bienal de Pernambuco (Recife). Sobre qual delas voce gostaria de saber mais?"
qual a importancia da FLIP?,"A FLIP - Festa Literaria Internacional de Paraty e fundamental para fomentar a leitura e a cultura no Brasil, conectando autores, editoras e leitores de todo o pais. E uma experiencia enriquecedora para qualquer amante da literatura."
quanto e o ticket da Bienal do Livro SP?,"Os precos dos ingressos da Bienal Internacional do Livro de Sao Paulo variam a cada edicao. Em geral, ha ingressos simbolicos (a partir de R$ 20,00) e costumam existir dias ou atividades de entrada gratuita. Verifique os valores atuais em www.bienaldolivro.com.br."
o que e a Flipocos - Festa Literaria de Pocos de Caldas?,"A Flipocos - Festa Literaria de Pocos de Caldas e um festival literario encantador na cidade das aguas, com programacao intimista e diversificada para leitores de todas as idades. Acesse www.flipocos.com.br para mais informacoes."
qual a data da Flipocos?,"A Flipocos - Festa Literaria de Pocos de Caldas geralmente acontece em agosto. Para as datas exatas desta edicao, consulte www.flipocos.com.br."
onde exatamente fica a Bienal Bahia?,"O endereco da Bienal do Livro Bahia e: Centro de Convencoes da Bahia - Av. Antonio Carlos Magalhaes, s/n - Stiep, Salvador (BA) - CEP 41770-019. Para informacoes de transporte e estacionamento, consulte www.bienaldolivrobahia.com.br."
em que epoca do ano rola a Feira Unesp?,"A Feira do Livro da Unesp geralmente acontece em outubro. Para as datas exatas desta edicao, consulte www.livraria.unesp.br."
quais escritores ja estiveram na Festival Literario SC?,"A Festival Literario Catarinense ja recebeu como convidados nomes como Milton Hatoum, Conceicao Evaristo e Djamila Ribeiro, entre outros autores brasileiros e internacionais. Os convidados de cada nova edicao sao anunciados em www.festivalliterariosc.com.br."
onde acontece a Feira Unesp?,A Feira do Livro da Unesp e realizada em Sao Paulo (SP) - Campus da Unesp.
quando vai ser a Flipocos esse ano?,"A Flipocos - Festa Literaria de Pocos de Caldas geralmente acontece em agosto. Para as datas exatas desta edicao, consulte www.flipocos.com.br."
a FLIP e paga?,"Os precos dos ingressos da FLIP - Festa Literaria Internacional de Paraty variam a cada edicao. Em geral, ha ingressos simbolicos (a partir de R$ 20,00) e costumam existir dias ou atividades de entrada gratuita. Verifique os valores atuais em www.flip.org.br."
o que tem na FLIC?,"A FLIC - Festa Literaria de Belo Horizonte costuma oferecer: bate-papos com autores, mesas de debate, lancamentos de livros, oficinas literarias e espacos para criancas. A programacao completa e divulgada em www.flicbh.com.br proximo ao evento."
precisa pagar para entrar na Festival Literario SC?,"Os precos dos ingressos da Festival Literario Catarinense variam a cada edicao. Em geral, ha ingressos simbolicos (a partir de R$ 20,00) e costumam existir dias ou atividades de entrada gratuita. Verifique os valores atuais em www.festivalliterariosc.com.br."
por que devo ir a FLIP?,"A FLIP - Festa Literaria Internacional de Paraty e fundamental para fomentar a leitura e a cultura no Brasil, conectando autores, editoras e leitores de todo o pais. E uma experiencia enriquecedora para qualquer amante da literatura."
o que e a Bienal do Rio de Janeiro?,"A Bienal do Rio de Janeiro e um dos eventos mais aguardados do Rio, com lancamentos exclusivos e encontros com grandes autores brasileiros e internacionais. Acesse www.bienaldorio.com.br para mais informacoes."
quero saber tudo sobre a Festival Literario SC,"A Festival Literario Catarinense e um dos principais festivais do Sul do Brasil, celebrando a literatura catarinense e nacional com debates, lancamentos e oficinas. Ocorre em setembro em Florianopolis (SC). Mais informacoes em www.festivalliterariosc.com.br."
quando e a Bienal do Livro SP?,"A Bienal Internacional do Livro de Sao Paulo geralmente acontece em julho. Para as datas exatas desta edicao, consulte www.bienaldolivro.com.br."
como me inscrever em uma oficina de feira literaria?,"As inscricoes para oficinas costumam ser feitas pelo site oficial de cada feira, geralmente com vagas limitadas. Fique de olho nos sites com antecedencia pois as oficinas tem alta demanda."
qual o endereco completo da Bienal do Livro SP?,"O endereco da Bienal Internacional do Livro de Sao Paulo e: Av. Olavo Fontoura, 1209 - Santana, Sao Paulo (SP) - CEP 02012-021 (Pavilhao do Anhembi). Para informacoes de transporte e estacionamento, consulte www.bienaldolivro.com.br."
voce recomenda alguma feira para quem gosta de biografia?,"Para quem aprecia biografia, a Bienal do Livro SP costuma ter a maior variedade de titulos e lancamentos nesse estilo. A FLIP tambem tem mesas tematicas e debates sobre diferentes correntes literarias. Vale conferir a programacao antes de ir."
feiras literarias sao apenas para adultos?,"Nao! As principais feiras tem programacao para todas as idades. Ha sessoes infantis, juvenis e adultas, tornando-as otimas opcoes de passeio em familia."
quando vai ser a Festival Literario SC esse ano?,"A Festival Literario Catarinense geralmente acontece em setembro. Para as datas exatas desta edicao, consulte www.festivalliterariosc.com.br."
me da o endereco da Festa Literaria POA,"O endereco da Festa Literaria de Porto Alegre e: Usina do Gasometro - Av. Presidente Joao Goulart, 551 - Centro Historico, Porto Alegre (RS) - CEP 90010-310. Para informacoes de transporte e estacionamento, consulte festaliterariaportaalegre.com.br."
qual a programacao da FLOR?,"A FLOR - Feira Literaria do Orgulho e Resistencia costuma oferecer: bate-papos com autores, mesas de debate, lancamentos de livros, oficinas literarias e espacos para criancas. A programacao completa e divulgada em www.feiraflor.com.br proximo ao evento."
tem bate-papo com autores na Feira Unesp?,"A Feira do Livro da Unesp costuma oferecer: bate-papos com autores, mesas de debate, lancamentos de livros, oficinas literarias e espacos para criancas. A programacao completa e divulgada em www.livraria.unesp.br proximo ao evento."
me conta sobre a Feira do Livro da Unesp,"A Feira do Livro da Unesp e uma feira academica e literaria promovida pela Editora Unesp, com forte presenca de titulos universitarios, tecnicos e de divulgacao cientifica. Acesse www.livraria.unesp.br para mais informacoes."
tem entrada gratuita na Bienal Rio?,"Os precos dos ingressos da Bienal do Rio de Janeiro variam a cada edicao. Em geral, ha ingressos simbolicos (a partir de R$ 20,00) e costumam existir dias ou atividades de entrada gratuita. Verifique os valores atuais em www.bienaldorio.com.br."
o que e a Bienal Internacional do Livro de Pernambuco?,"A Bienal Internacional do Livro de Pernambuco e um dos grandes festivais do livro no coracao do Nordeste, destacando autores regionais e internacionais com rica programacao cultural. Acesse www.bienaldolivrope.com.br para mais informacoes."
quanto e o ticket da Festa Literaria POA?,"Os precos dos ingressos da Festa Literaria de Porto Alegre variam a cada edicao. Em geral, ha ingressos simbolicos (a partir de R$ 20,00) e costumam existir dias ou atividades de entrada gratuita. Verifique os valores atuais em festaliterariaportaalegre.com.br."
qual o preco do ingresso para a Feira do Livro POA?,"Os precos dos ingressos da Feira do Livro de Porto Alegre variam a cada edicao. Em geral, ha ingressos simbolicos (a partir de R$ 20,00) e costumam existir dias ou atividades de entrada gratuita. Verifique os valores atuais em www.feiradolivro.com.br."
a Flipocos - Festa Literaria de Pocos de Caldas cobra entrada?,"Os precos dos ingressos da Flipocos - Festa Literaria de Pocos de Caldas variam a cada edicao. Em geral, ha ingressos simbolicos (a partir de R$ 20,00) e costumam existir dias ou atividades de entrada gratuita. Verifique os valores atuais em www.flipocos.com.br."
quais as datas da Bienal do Livro Bahia?,"A Bienal do Livro Bahia geralmente acontece em outubro. Para as datas exatas desta edicao, consulte www.bienaldolivrobahia.com.br."
qual a cidade da Festa Literaria POA?,A Festa Literaria de Porto Alegre e realizada em Porto Alegre (RS).
qual o preco do ingresso para a FLIP?,"Os precos dos ingressos da FLIP - Festa Literaria Internacional de Paraty variam a cada edicao. Em geral, ha ingressos simbolicos (a partir de R$ 20,00) e costumam existir dias ou atividades de entrada gratuita. Verifique os valores atuais em www.flip.org.br."
a Bienal Internacional do Livro de Sao Paulo cobra entrada?,"Os precos dos ingressos da Bienal Internacional do Livro de Sao Paulo variam a cada edicao. Em geral, ha ingressos simbolicos (a partir de R$ 20,00) e costumam existir dias ou atividades de entrada gratuita. Verifique os valores atuais em www.bienaldolivro.com.br."
a Feira do Livro POA e em qual cidade?,A Feira do Livro de Porto Alegre e realizada em Porto Alegre (RS) - Praca da Alfandega.
quero saber tudo sobre a FLIP,"A FLIP - Festa Literaria Internacional de Paraty e um festival intimista e sofisticado realizado na historica cidade de Paraty, reconhecido internacionalmente pela qualidade de sua programacao. Ocorre em julho/agosto em Paraty (RJ). Mais informacoes em www.flip.org.br."
tem oficinas na FLIP?,"A FLIP - Festa Literaria Internacional de Paraty costuma oferecer: bate-papos com autores, mesas de debate, lancamentos de livros, oficinas literarias e espacos para criancas. A programacao completa e divulgada em www.flip.org.br proximo ao evento."
vale a pena ir na Bienal Rio?,"Com certeza! A Bienal do Rio de Janeiro e um dos eventos mais aguardados do Rio, com lancamentos exclusivos e encontros com grandes autores brasileiros e internacionais. Confira a programacao em www.bienaldorio.com.br e planeje sua visita."
quando ocorre a Festival Literario Catarinense?,"A Festival Literario Catarinense geralmente acontece em setembro. Para as datas exatas desta edicao, consulte www.festivalliterariosc.com.br."
qual e o local da Bienal Bahia?,A Bienal do Livro Bahia e realizada em Salvador (BA) - Centro de Convencoes.
em que mes acontece a Bienal Bahia?,"A Bienal do Livro Bahia geralmente acontece em outubro. Para as datas exatas desta edicao, consulte www.bienaldolivrobahia.com.br."
qual o endereco da Festival Literario SC?,"A Festival Literario Catarinense acontece em: Centro Integrado de Cultura - Av. Irineu Bornhausen, 5600 - Agronomica, Florianopolis (SC) - CEP 88034-100 (CIC Florianopolis). Mais detalhes logisticos em www.festivalliterariosc.com.br."
quero saber tudo sobre a Feira Unesp,"A Feira do Livro da Unesp e uma feira academica e literaria promovida pela Editora Unesp, com forte presenca de titulos universitarios, tecnicos e de divulgacao cientifica. Ocorre em outubro em Sao Paulo (SP) - Campus da Unesp. Mais informacoes em www.livraria.unesp.br."
onde fica a Bienal do Livro do Rio de Janeiro?,"A Bienal do Rio de Janeiro e realizada em Rio de Janeiro (RJ) - Riocentro. Endereco completo: Av. Salvador Allende, 6555 - Barra da Tijuca, Rio de Janeiro (RJ) - CEP 22783-127 (Riocentro, Pavilhao 3)."
quais autores ja foram convidados para a Bienal Bahia?,"A Bienal do Livro Bahia ja recebeu como convidados nomes como Itamar Vieira Junior e Ailton Krenak, entre outros autores. Os convidados de cada nova edicao sao anunciados em www.bienaldolivrobahia.com.br."
a Festival Literario Catarinense cobra entrada?,"Os precos dos ingressos da Festival Literario Catarinense variam a cada edicao. Em geral, ha ingressos simbolicos (a partir de R$ 20,00) e costumam existir dias ou atividades de entrada gratuita. Verifique os valores atuais em www.festivalliterariosc.com.br."
qual a mais antiga feira literaria do Brasil?,"A Feira do Livro de Porto Alegre, realizada desde 1955 na Praca da Alfandega, e a mais antiga feira literaria do Brasil. Uma tradicao de mais de 60 anos."
quanto custa o ingresso da FLIP?,"Os precos dos ingressos da FLIP - Festa Literaria Internacional de Paraty variam a cada edicao. Em geral, ha ingressos simbolicos (a partir de R$ 20,00) e costumam existir dias ou atividades de entrada gratuita. Verifique os valores atuais em www.flip.org.br."
qual o local exato da FLIP?,"O endereco da FLIP - Festa Literaria Internacional de Paraty e: Praca da Matriz, s/n - Centro Historico, Paraty (RJ) - CEP 23970-000 (Casa da Cultura de Paraty e espacos do centro historico). Para informacoes de transporte e estacionamento, consulte www.flip.org.br."
qual a cidade da Festival Literario SC?,A Festival Literario Catarinense e realizada em Florianopolis (SC).
quais autores ja foram convidados para a Bienal do Livro SP?,"A Bienal Internacional do Livro de Sao Paulo ja recebeu como convidados nomes como Milton Hatoum e Conceicao Evaristo, entre outros autores. Os convidados de cada nova edicao sao anunciados em www.bienaldolivro.com.br."
vale a pena ir na FLOR?,"A FLOR - Feira Literaria do Orgulho e Resistencia e fundamental para fomentar a leitura e a cultura no Brasil, conectando autores, editoras e leitores de todo o pais. E uma experiencia enriquecedora para qualquer amante da literatura."
o que acontece na Bienal Rio?,"A Bienal do Rio de Janeiro costuma oferecer: bate-papos com autores, mesas de debate, lancamentos de livros, oficinas literarias e espacos para criancas. A programacao completa e divulgada em www.bienaldorio.com.br proximo ao evento."
qual o endereco da Festa Literaria de Porto Alegre?,"O endereco da Festa Literaria de Porto Alegre e: Usina do Gasometro - Av. Presidente Joao Goulart, 551 - Centro Historico, Porto Alegre (RS) - CEP 90010-310. Para informacoes de transporte e estacionamento, consulte festaliterariaportaalegre.com.br."
onde fica a Bienal do Livro do Rio?,"A Bienal do Rio de Janeiro e realizada em Rio de Janeiro (RJ) - Riocentro. Endereco completo: Av. Salvador Allende, 6555 - Barra da Tijuca, Rio de Janeiro (RJ) - CEP 22783-127 (Riocentro, Pavilhao 3)."
a Flipocos ja homenageou quais autores?,"A Flipocos - Festa Literaria de Pocos de Caldas ja prestou homenagem a grandes nomes da literatura, como Rubem Braga, Lygia Fagundes Telles e Guimaraes Rosa. O autor ou autora homenageado(a) de cada edicao e anunciado(a) em www.flipocos.com.br."
qual a data da Bienal do Livro SP?,"A Bienal Internacional do Livro de Sao Paulo geralmente acontece em julho. Para as datas exatas desta edicao, consulte www.bienaldolivro.com.br."
quais autores ja foram convidados para a Feira do Livro POA?,"A Feira do Livro de Porto Alegre ja recebeu como convidados nomes como Itamar Vieira Junior e Djamila Ribeiro, entre outros autores. Os convidados de cada nova edicao sao anunciados em www.feiradolivro.com.br."
qual a historia da Bienal Rio?,"A Bienal do Rio de Janeiro e um dos eventos mais aguardados do Rio, com lancamentos exclusivos e encontros com grandes autores brasileiros e internacionais. Acesse www.bienaldorio.com.br para mais informacoes."
qual a data da Festa Literaria POA?,"A Festa Literaria de Porto Alegre geralmente acontece em novembro. Para as datas exatas desta edicao, consulte festaliterariaportaalegre.com.br."
tem como me informar sobre a FLIC?,"Claro! A FLIC - Festa Literaria de Belo Horizonte acontece em junho, em Belo Horizonte (MG). Para mais detalhes, acesse www.flicbh.com.br."
a Bienal Bahia ja homenageou quais autores?,"A Bienal do Livro Bahia ja prestou homenagem a grandes nomes da literatura, como Jorge Amado, Conceicao Evaristo e Ariano Suassuna. O autor ou autora homenageado(a) de cada edicao e anunciado(a) em www.bienaldolivrobahia.com.br."
voce recomenda alguma feira para quem gosta de nao-ficcao?,"Para quem aprecia nao-ficcao, a Bienal do Livro SP costuma ter a maior variedade de titulos e lancamentos nesse estilo. A FLIP tambem tem mesas tematicas e debates sobre diferentes correntes literarias. Vale conferir a programacao antes de ir."
onde fica a Feira Unesp?,A Feira do Livro da Unesp e realizada em Sao Paulo (SP) - Campus da Unesp.
foi otimo obrigado,Ate logo! Espero ter ajudado. Continue participando das feiras literarias do Brasil!
quais escritores foram homenageados pela Festa Literaria POA?,"A Festa Literaria de Porto Alegre ja prestou homenagem a grandes nomes da literatura, como Moacyr Scliar, Rubem Braga e Erico Verissimo. O autor ou autora homenageado(a) de cada edicao e anunciado(a) em festaliterariaportaalegre.com.br."
quais escritores ja estiveram na FLOR?,"A FLOR - Feira Literaria do Orgulho e Resistencia ja recebeu como convidados nomes como Conceicao Evaristo, Ailton Krenak e Itamar Vieira Junior, entre outros autores brasileiros e internacionais. Os convidados de cada nova edicao sao anunciados em www.feiraflor.com.br."
quem sao os homenageados da Bienal do Livro SP?,"A Bienal Internacional do Livro de Sao Paulo ja prestou homenagem a grandes nomes da literatura, como Ariano Suassuna, Clarice Lispector e Jorge Amado. O autor ou autora homenageado(a) de cada edicao e anunciado(a) em www.bienaldolivro.com.br."
quando e a Bienal PE?,"A Bienal Internacional do Livro de Pernambuco geralmente acontece em outubro. Para as datas exatas desta edicao, consulte www.bienaldolivrope.com.br."
tem oficinas na Festival Literario SC?,"A Festival Literario Catarinense costuma oferecer: bate-papos com autores, mesas de debate, lancamentos de livros, oficinas literarias e espacos para criancas. A programacao completa e divulgada em www.festivalliterariosc.com.br proximo ao evento."
quem ja foi convidado para a Festival Literario SC?,"A Festival Literario Catarinense ja recebeu como convidados nomes como Djamila Ribeiro, Ailton Krenak e Milton Hatoum, entre outros autores brasileiros e internacionais. Os convidados de cada nova edicao sao anunciados em www.festivalliterariosc.com.br."
quais autores foram homenageados na Bienal PE?,"A Bienal Internacional do Livro de Pernambuco ja prestou homenagem a grandes nomes da literatura, como Ariano Suassuna, Clarice Lispector e Joao Cabral de Melo Neto. O autor ou autora homenageado(a) de cada edicao e anunciado(a) em www.bienaldolivrope.com.br."
vale a pena ir na Bienal Bahia?,"Com certeza! A Bienal do Livro Bahia e um dos maiores eventos literarios do Nordeste, reunindo autores, editoras e leitores em Salvador com forte identidade cultural baiana. Confira a programacao em www.bienaldolivrobahia.com.br e planeje sua visita."
quem recebeu homenagem na Bienal do Rio de Janeiro?,"A Bienal do Rio de Janeiro ja prestou homenagem a grandes nomes da literatura, como Clarice Lispector, Machado de Assis e Graciliano Ramos. O autor ou autora homenageado(a) de cada edicao e anunciado(a) em www.bienaldorio.com.br."
o que e a Bienal PE?,"A Bienal Internacional do Livro de Pernambuco e um dos grandes festivais do livro no coracao do Nordeste, destacando autores regionais e internacionais com rica programacao cultural. Acesse www.bienaldolivrope.com.br para mais informacoes."
vale a pena ir na Festa Literaria POA?,"Com certeza! A Festa Literaria de Porto Alegre e um dos principais eventos literarios do Sul do Brasil, com intensa programacao de autores regionais e nacionais. Confira a programacao em festaliterariaportaalegre.com.br e planeje sua visita."
quais autores participam da FLIC - Festa Literaria de Belo Horizonte?,"A FLIC - Festa Literaria de Belo Horizonte ja recebeu como convidados nomes como Ailton Krenak, Djamila Ribeiro e Itamar Vieira Junior, entre outros autores brasileiros e internacionais. Os convidados de cada nova edicao sao anunciados em www.flicbh.com.br."
fala sobre a Bienal Bahia,"A Bienal do Livro Bahia e um dos maiores eventos literarios do Nordeste, reunindo autores, editoras e leitores em Salvador com forte identidade cultural baiana. Acesse www.bienaldolivrobahia.com.br para mais informacoes."
em que rua fica a Bienal Bahia?,"O endereco da Bienal do Livro Bahia e: Centro de Convencoes da Bahia - Av. Antonio Carlos Magalhaes, s/n - Stiep, Salvador (BA) - CEP 41770-019. Para informacoes de transporte e estacionamento, consulte www.bienaldolivrobahia.com.br."
quem foi homenageado na Festa Literaria POA?,"A Festa Literaria de Porto Alegre ja prestou homenagem a grandes nomes da literatura, como Erico Verissimo, Moacyr Scliar e Rubem Braga. O autor ou autora homenageado(a) de cada edicao e anunciado(a) em festaliterariaportaalegre.com.br."
qual a importancia da Bienal Rio?,"A Bienal do Rio de Janeiro e fundamental para fomentar a leitura e a cultura no Brasil, conectando autores, editoras e leitores de todo o pais. E uma experiencia enriquecedora para qualquer amante da literatura."
o que e a FLIP?,"A FLIP - Festa Literaria Internacional de Paraty e um festival intimista e sofisticado realizado na historica cidade de Paraty, reconhecido internacionalmente pela qualidade de sua programacao. Acesse www.flip.org.br para mais informacoes."
quais autores ja foram convidados para a Festa Literaria POA?,"A Festa Literaria de Porto Alegre ja recebeu como convidados nomes como Conceicao Evaristo e Milton Hatoum, entre outros autores. Os convidados de cada nova edicao sao anunciados em festaliterariaportaalegre.com.br."
qual a cidade da FLIP?,A FLIP - Festa Literaria Internacional de Paraty e realizada em Paraty (RJ).
onde exatamente fica a Festival Literario SC?,"O endereco da Festival Literario Catarinense e: Centro Integrado de Cultura - Av. Irineu Bornhausen, 5600 - Agronomica, Florianopolis (SC) - CEP 88034-100 (CIC Florianopolis). Para informacoes de transporte e estacionamento, consulte www.festivalliterariosc.com.br."
tem oficinas na Festa Literaria POA?,"A Festa Literaria de Porto Alegre costuma oferecer: bate-papos com autores, mesas de debate, lancamentos de livros, oficinas literarias e espacos para criancas. A programacao completa e divulgada em festaliterariaportaalegre.com.br proximo ao evento."
qual o endereco da FLIP - Festa Literaria Internacional de Paraty?,"O endereco da FLIP - Festa Literaria Internacional de Paraty e: Praca da Matriz, s/n - Centro Historico, Paraty (RJ) - CEP 23970-000 (Casa da Cultura de Paraty e espacos do centro historico). Para informacoes de transporte e estacionamento, consulte www.flip.org.br."
tem alguma feira literaria em julho?,Sim! Julho e um mes cheio de feiras literarias. A FLIP (Paraty) e a Bienal do Livro SP costumam ocorrer nessa epoca. E uma otima opcao para as ferias escolares.
a Bienal PE ja homenageou quais autores?,"A Bienal Internacional do Livro de Pernambuco ja prestou homenagem a grandes nomes da literatura, como Ariano Suassuna, Joao Cabral de Melo Neto e Clarice Lispector. O autor ou autora homenageado(a) de cada edicao e anunciado(a) em www.bienaldolivrope.com.br."
quanto e o ticket da Festival Literario SC?,"Os precos dos ingressos da Festival Literario Catarinense variam a cada edicao. Em geral, ha ingressos simbolicos (a partir de R$ 20,00) e costumam existir dias ou atividades de entrada gratuita. Verifique os valores atuais em www.festivalliterariosc.com.br."
quem ja participou da Festa Literaria POA?,"A Festa Literaria de Porto Alegre ja recebeu como convidados nomes como Milton Hatoum, Conceicao Evaristo e Djamila Ribeiro, entre outros autores brasileiros e internacionais. Os convidados de cada nova edicao sao anunciados em festaliterariaportaalegre.com.br."
o que e a FLIC - Festa Literaria de Belo Horizonte?,"A FLIC - Festa Literaria de Belo Horizonte e um festival mineiro com forte identidade cultural, promovendo debates, oficinas e lancamentos de livros. Acesse www.flicbh.com.br para mais informacoes."
quais as datas da Festa Literaria de Porto Alegre?,"A Festa Literaria de Porto Alegre geralmente acontece em novembro. Para as datas exatas desta edicao, consulte festaliterariaportaalegre.com.br."
vale a pena ir na Feira do Livro POA?,"Com certeza! A Feira do Livro de Porto Alegre e a mais antiga feira literaria do Brasil, realizada ao ar livre na iconica Praca da Alfandega desde 1955. Confira a programacao em www.feiradolivro.com.br e planeje sua visita."
tem entrada gratuita na Feira do Livro POA?,"Os precos dos ingressos da Feira do Livro de Porto Alegre variam a cada edicao. Em geral, ha ingressos simbolicos (a partir de R$ 20,00) e costumam existir dias ou atividades de entrada gratuita. Verifique os valores atuais em www.feiradolivro.com.br."
por que devo ir a Bienal Rio?,"A Bienal do Rio de Janeiro e fundamental para fomentar a leitura e a cultura no Brasil, conectando autores, editoras e leitores de todo o pais. E uma experiencia enriquecedora para qualquer amante da literatura."
por que devo ir a FLIC?,"A FLIC - Festa Literaria de Belo Horizonte e fundamental para fomentar a leitura e a cultura no Brasil, conectando autores, editoras e leitores de todo o pais. E uma experiencia enriquecedora para qualquer amante da literatura."
quem e o homenageado da FLIC?,"A FLIC - Festa Literaria de Belo Horizonte ja prestou homenagem a grandes nomes da literatura, como Guimaraes Rosa, Drummond de Andrade e Conceicao Evaristo. O autor ou autora homenageado(a) de cada edicao e anunciado(a) em www.flicbh.com.br."
tem entrada gratuita na Festival Literario SC?,"Os precos dos ingressos da Festival Literario Catarinense variam a cada edicao. Em geral, ha ingressos simbolicos (a partir de R$ 20,00) e costumam existir dias ou atividades de entrada gratuita. Verifique os valores atuais em www.festivalliterariosc.com.br."
qual a cidade da Bienal PE?,A Bienal Internacional do Livro de Pernambuco e realizada em Recife (PE) - Centro de Convencoes.
qual o local exato da Feira do Livro POA?,"O endereco da Feira do Livro de Porto Alegre e: Praca da Alfandega, s/n - Centro Historico, Porto Alegre (RS) - CEP 90010-150. Para informacoes de transporte e estacionamento, consulte www.feiradolivro.com.br."
onde acontece a Bienal Bahia?,A Bienal do Livro Bahia e realizada em Salvador (BA) - Centro de Convencoes.
vale a pena ir na Bienal PE?,"Com certeza! A Bienal Internacional do Livro de Pernambuco e um dos grandes festivais do livro no coracao do Nordeste, destacando autores regionais e internacionais com rica programacao cultural. Confira a programacao em www.bienaldolivrope.com.br e planeje sua visita."
qual a importancia da Bienal do Livro SP?,"A Bienal Internacional do Livro de Sao Paulo e fundamental para fomentar a leitura e a cultura no Brasil, conectando autores, editoras e leitores de todo o pais. E uma experiencia enriquecedora para qualquer amante da literatura."
em que cidade e a FLIP?,A FLIP - Festa Literaria Internacional de Paraty e realizada em Paraty (RJ).
tem oficinas na Bienal PE?,"A Bienal Internacional do Livro de Pernambuco costuma oferecer: bate-papos com autores, mesas de debate, lancamentos de livros, oficinas literarias e espacos para criancas. A programacao completa e divulgada em www.bienaldolivrope.com.br proximo ao evento."
quando ocorre a Bienal Internacional do Livro de Sao Paulo?,"A Bienal Internacional do Livro de Sao Paulo geralmente acontece em julho. Para as datas exatas desta edicao, consulte www.bienaldolivro.com.br."
onde exatamente fica a Bienal do Livro SP?,"O endereco da Bienal Internacional do Livro de Sao Paulo e: Av. Olavo Fontoura, 1209 - Santana, Sao Paulo (SP) - CEP 02012-021 (Pavilhao do Anhembi). Para informacoes de transporte e estacionamento, consulte www.bienaldolivro.com.br."
em que cidade e a Bienal PE?,A Bienal Internacional do Livro de Pernambuco e realizada em Recife (PE) - Centro de Convencoes.
quero saber tudo sobre a FLOR,"A FLOR - Feira Literaria do Orgulho e Resistencia e uma feira literaria dedicada a vozes LGBTQIA+, perifericas e de resistencia, celebrando a diversidade e o poder transformador da literatura. Ocorre em junho em Sao Paulo (SP). Mais informacoes em www.feiraflor.com.br."
a Festa Literaria POA e paga?,"Os precos dos ingressos da Festa Literaria de Porto Alegre variam a cada edicao. Em geral, ha ingressos simbolicos (a partir de R$ 20,00) e costumam existir dias ou atividades de entrada gratuita. Verifique os valores atuais em festaliterariaportaalegre.com.br."
vale a pena ir na Festa Literaria POA?,"Com certeza! A Festa Literaria de Porto Alegre e um dos principais eventos literarios do Sul do Brasil, com intensa programacao de autores regionais e nacionais. Confira a programacao em festaliterariaportaalegre.com.br e planeje sua visita."
quais escritores costumam ir a Bienal Rio?,"A Bienal do Rio de Janeiro ja recebeu como convidados nomes como Milton Hatoum, Ailton Krenak e Lygia Fagundes Telles, entre outros autores brasileiros e internacionais. Os convidados de cada nova edicao sao anunciados em www.bienaldorio.com.br."
onde exatamente fica a Feira do Livro POA?,"O endereco da Feira do Livro de Porto Alegre e: Praca da Alfandega, s/n - Centro Historico, Porto Alegre (RS) - CEP 90010-150. Para informacoes de transporte e estacionamento, consulte www.feiradolivro.com.br."
qual a importancia da FLIC?,"A FLIC - Festa Literaria de Belo Horizonte e fundamental para fomentar a leitura e a cultura no Brasil, conectando autores, editoras e leitores de todo o pais. E uma experiencia enriquecedora para qualquer amante da literatura."
o que acontece na Bienal do Livro SP?,"A Bienal Internacional do Livro de Sao Paulo costuma oferecer: bate-papos com autores, mesas de debate, lancamentos de livros, oficinas literarias e espacos para criancas. A programacao completa e divulgada em www.bienaldolivro.com.br proximo ao evento."
qual o endereco completo da FLOR?,"O endereco da FLOR - Feira Literaria do Orgulho e Resistencia e: Largo do Arouche, s/n - Republica, Sao Paulo (SP) - CEP 01219-010 (Largo do Arouche e adjacencias). Para informacoes de transporte e estacionamento, consulte www.feiraflor.com.br."
qual o endereco da Festa Literaria POA?,"A Festa Literaria de Porto Alegre acontece em: Usina do Gasometro - Av. Presidente Joao Goulart, 551 - Centro Historico, Porto Alegre (RS) - CEP 90010-310. Mais detalhes logisticos em festaliterariaportaalegre.com.br."
quando vai ser a Feira do Livro POA esse ano?,"A Feira do Livro de Porto Alegre geralmente acontece em outubro/novembro. Para as datas exatas desta edicao, consulte www.feiradolivro.com.br."
"ola, tudo bem?","Ola! Sou o ChatLitera, seu guia sobre feiras literarias brasileiras. Posso ajudar com datas, locais, programacao, ingressos e muito mais. O que voce quer saber?"
quais autores ja foram convidados para a Bienal Bahia?,"A Bienal do Livro Bahia ja recebeu como convidados nomes como Djamila Ribeiro e Itamar Vieira Junior, entre outros autores. Os convidados de cada nova edicao sao anunciados em www.bienaldolivrobahia.com.br."
me fale sobre a FLOR,"A FLOR - Feira Literaria do Orgulho e Resistencia e uma feira literaria dedicada a vozes LGBTQIA+, perifericas e de resistencia, celebrando a diversidade e o poder transformador da literatura. Acesse www.feiraflor.com.br para mais informacoes."
em que cidade e a Festival Literario SC?,A Festival Literario Catarinense e realizada em Florianopolis (SC).
me fale sobre a Festa Literaria POA,"A Festa Literaria de Porto Alegre e um dos principais eventos literarios do Sul do Brasil, com intensa programacao de autores regionais e nacionais. Acesse festaliterariaportaalegre.com.br para mais informacoes."
me fale sobre a FLIC,"A FLIC - Festa Literaria de Belo Horizonte e um festival mineiro com forte identidade cultural, promovendo debates, oficinas e lancamentos de livros. Acesse www.flicbh.com.br para mais informacoes."
me da o endereco da Bienal Rio,"O endereco da Bienal do Rio de Janeiro e: Av. Salvador Allende, 6555 - Barra da Tijuca, Rio de Janeiro (RJ) - CEP 22783-127 (Riocentro, Pavilhao 3). Para informacoes de transporte e estacionamento, consulte www.bienaldorio.com.br."
me explica o que e a Bienal Rio,"A Bienal do Rio de Janeiro e um dos eventos mais aguardados do Rio, com lancamentos exclusivos e encontros com grandes autores brasileiros e internacionais. Acesse www.bienaldorio.com.br para mais informacoes."
a Feira Unesp e em qual cidade?,A Feira do Livro da Unesp e realizada em Sao Paulo (SP) - Campus da Unesp.
oi tudo bem,"Ola! Sou o ChatLitera, seu guia sobre feiras literarias brasileiras. Posso ajudar com datas, locais, programacao, ingressos e muito mais. O que voce quer saber?"
tem entrada gratuita na Flipocos?,"Os precos dos ingressos da Flipocos - Festa Literaria de Pocos de Caldas variam a cada edicao. Em geral, ha ingressos simbolicos (a partir de R$ 20,00) e costumam existir dias ou atividades de entrada gratuita. Verifique os valores atuais em www.flipocos.com.br."
quais autores foram homenageados na Festival Literario SC?,"A Festival Literario Catarinense ja prestou homenagem a grandes nomes da literatura, como Salim Miguel, Antonieta de Barros e Cruz e Sousa. O autor ou autora homenageado(a) de cada edicao e anunciado(a) em www.festivalliterariosc.com.br."
me fala sobre a bienal do livro,"A Bienal do Livro e um grande festival cultural e literario que reune editoras, livrarias, autores e leitores para celebrar a leitura. No Brasil temos varias: Bienal de Sao Paulo, Bienal do Rio de Janeiro, Bienal Bahia (Salvador) e Bienal de Pernambuco (Recife). Sobre qual delas voce gostaria de saber mais?"
quem e o homenageado da Flipocos?,"A Flipocos - Festa Literaria de Pocos de Caldas ja prestou homenagem a grandes nomes da literatura, como Rubem Braga, Lygia Fagundes Telles e Guimaraes Rosa. O autor ou autora homenageado(a) de cada edicao e anunciado(a) em www.flipocos.com.br."
a Bienal do Rio de Janeiro cobra entrada?,"Os precos dos ingressos da Bienal do Rio de Janeiro variam a cada edicao. Em geral, ha ingressos simbolicos (a partir de R$ 20,00) e costumam existir dias ou atividades de entrada gratuita. Verifique os valores atuais em www.bienaldorio.com.br."
ola,"Ola! Sou o ChatLitera, seu guia sobre feiras literarias brasileiras. Posso ajudar com datas, locais, programacao, ingressos e muito mais. O que voce quer saber?"
qual o endereco da Flipocos - Festa Literaria de Pocos de Caldas?,"O endereco da Flipocos - Festa Literaria de Pocos de Caldas e: Thermas Antonio Carlos - Av. Francisco Salles, 544 - Centro, Pocos de Caldas (MG) - CEP 37701-366. Para informacoes de transporte e estacionamento, consulte www.flipocos.com.br."
quero saber tudo sobre a Bienal Bahia,"A Bienal do Livro Bahia e um dos maiores eventos literarios do Nordeste, reunindo autores, editoras e leitores em Salvador com forte identidade cultural baiana. Ocorre em outubro em Salvador (BA) - Centro de Convencoes. Mais informacoes em www.bienaldolivrobahia.com.br."
a Festival Literario SC e em qual cidade?,A Festival Literario Catarinense e realizada em Florianopolis (SC).
tem como me informar sobre a Bienal Bahia?,"Claro! A Bienal do Livro Bahia acontece em outubro, em Salvador (BA) - Centro de Convencoes. Para mais detalhes, acesse www.bienaldolivrobahia.com.br."
a Bienal Rio ja homenageou quais autores?,"A Bienal do Rio de Janeiro ja prestou homenagem a grandes nomes da literatura, como Graciliano Ramos, Clarice Lispector e Machado de Assis. O autor ou autora homenageado(a) de cada edicao e anunciado(a) em www.bienaldorio.com.br."
onde acontece a FLIC?,A FLIC - Festa Literaria de Belo Horizonte e realizada em Belo Horizonte (MG).
o que tem na Bienal PE?,"A Bienal Internacional do Livro de Pernambuco costuma oferecer: bate-papos com autores, mesas de debate, lancamentos de livros, oficinas literarias e espacos para criancas. A programacao completa e divulgada em www.bienaldolivrope.com.br proximo ao evento."
quando e a Bienal do Livro do Rio?,A Bienal do Rio de Janeiro geralmente acontece em setembro. Consulte www.bienaldorio.com.br para as datas exatas.
vale a pena ir na Festival Literario SC?,"Com certeza! A Festival Literario Catarinense e um dos principais festivais do Sul do Brasil, celebrando a literatura catarinense e nacional com debates, lancamentos e oficinas. Confira a programacao em www.festivalliterariosc.com.br e planeje sua visita."
thanks,"Fico feliz em ajudar! Se tiver mais duvidas sobre feiras literarias, e so perguntar."
quando ocorre a FLOR - Feira Literaria do Orgulho e Resistencia?,"A FLOR - Feira Literaria do Orgulho e Resistencia geralmente acontece em junho. Para as datas exatas desta edicao, consulte www.feiraflor.com.br."
qual e o local da Feira Unesp?,A Feira do Livro da Unesp e realizada em Sao Paulo (SP) - Campus da Unesp.
o que e a Festa Literaria de Porto Alegre?,"A Festa Literaria de Porto Alegre e um dos principais eventos literarios do Sul do Brasil, com intensa programacao de autores regionais e nacionais. Acesse festaliterariaportaalegre.com.br para mais informacoes."
quais escritores ja estiveram na Bienal do Livro SP?,"A Bienal Internacional do Livro de Sao Paulo ja recebeu como convidados nomes como Ailton Krenak, Itamar Vieira Junior e Djamila Ribeiro, entre outros autores brasileiros e internacionais. Os convidados de cada nova edicao sao anunciados em www.bienaldolivro.com.br."
quais autores ja foram convidados para a Flipocos?,"A Flipocos - Festa Literaria de Pocos de Caldas ja recebeu como convidados nomes como Itamar Vieira Junior e Djamila Ribeiro, entre outros autores. Os convidados de cada nova edicao sao anunciados em www.flipocos.com.br."
quem sao os homenageados da Festival Literario SC?,"A Festival Literario Catarinense ja prestou homenagem a grandes nomes da literatura, como Salim Miguel, Cruz e Sousa e Antonieta de Barros. O autor ou autora homenageado(a) de cada edicao e anunciado(a) em www.festivalliterariosc.com.br."
quais escritores foram homenageados pela Bienal Bahia?,"A Bienal do Livro Bahia ja prestou homenagem a grandes nomes da literatura, como Jorge Amado, Conceicao Evaristo e Ariano Suassuna. O autor ou autora homenageado(a) de cada edicao e anunciado(a) em www.bienaldolivrobahia.com.br."
quem ja participou da Feira Unesp?,"A Feira do Livro da Unesp ja recebeu como convidados nomes como Milton Hatoum, Conceicao Evaristo e Djamila Ribeiro, entre outros autores brasileiros e internacionais. Os convidados de cada nova edicao sao anunciados em www.livraria.unesp.br."
qual o endereco da Festa Literaria POA?,"A Festa Literaria de Porto Alegre acontece em: Usina do Gasometro - Av. Presidente Joao Goulart, 551 - Centro Historico, Porto Alegre (RS) - CEP 90010-310. Mais detalhes logisticos em festaliterariaportaalegre.com.br."
qual a programacao da FLIP?,"A FLIP - Festa Literaria Internacional de Paraty costuma oferecer: bate-papos com autores, mesas de debate, lancamentos de livros, oficinas literarias e espacos para criancas. A programacao completa e divulgada em www.flip.org.br proximo ao evento."
quais autores ja foram convidados para a Bienal do Livro SP?,"A Bienal Internacional do Livro de Sao Paulo ja recebeu como convidados nomes como Djamila Ribeiro e Ailton Krenak, entre outros autores. Os convidados de cada nova edicao sao anunciados em www.bienaldolivro.com.br."
tem como me informar sobre a Flipocos?,"Claro! A Flipocos - Festa Literaria de Pocos de Caldas acontece em agosto, em Pocos de Caldas (MG). Para mais detalhes, acesse www.flipocos.com.br."
voce recomenda alguma feira para quem gosta de ficcao cientifica?,"Para quem aprecia ficcao cientifica, a Bienal do Livro SP costuma ter a maior variedade de titulos e lancamentos nesse estilo. A FLIP tambem tem mesas tematicas e debates sobre diferentes correntes literarias. Vale conferir a programacao antes de ir."
em que mes acontece a Feira Unesp?,"A Feira do Livro da Unesp geralmente acontece em outubro. Para as datas exatas desta edicao, consulte www.livraria.unesp.br."
tem como me informar sobre a Festival Literario SC?,"Claro! A Festival Literario Catarinense acontece em setembro, em Florianopolis (SC). Para mais detalhes, acesse www.festivalliterariosc.com.br."
fala sobre a FLIP,"A FLIP - Festa Literaria Internacional de Paraty e um festival intimista e sofisticado realizado na historica cidade de Paraty, reconhecido internacionalmente pela qualidade de sua programacao. Acesse www.flip.org.br para mais informacoes."
quais autores foram homenageados na Bienal Bahia?,"A Bienal do Livro Bahia ja prestou homenagem a grandes nomes da literatura, como Ariano Suassuna, Jorge Amado e Conceicao Evaristo. O autor ou autora homenageado(a) de cada edicao e anunciado(a) em www.bienaldolivrobahia.com.br."
me explica o que e a Bienal do Livro SP,"A Bienal Internacional do Livro de Sao Paulo e um dos maiores eventos literarios da America Latina, reunindo editoras, autores e leitores do mundo inteiro. Acesse www.bienaldolivro.com.br para mais informacoes."
qual o preco do ingresso para a Festival Literario SC?,"Os precos dos ingressos da Festival Literario Catarinense variam a cada edicao. Em geral, ha ingressos simbolicos (a partir de R$ 20,00) e costumam existir dias ou atividades de entrada gratuita. Verifique os valores atuais em www.festivalliterariosc.com.br."
vale a pena ir na Flipocos?,"Com certeza! A Flipocos - Festa Literaria de Pocos de Caldas e um festival literario encantador na cidade das aguas, com programacao intimista e diversificada para leitores de todas as idades. Confira a programacao em www.flipocos.com.br e planeje sua visita."
quando vai ser a Bienal PE esse ano?,"A Bienal Internacional do Livro de Pernambuco geralmente acontece em outubro. Para as datas exatas desta edicao, consulte www.bienaldolivrope.com.br."
quais autores ja foram convidados para a FLOR?,"A FLOR - Feira Literaria do Orgulho e Resistencia ja recebeu como convidados nomes como Conceicao Evaristo e Ailton Krenak, entre outros autores. Os convidados de cada nova edicao sao anunciados em www.feiraflor.com.br."
vale a pena ir na FLOR?,"Com certeza! A FLOR - Feira Literaria do Orgulho e Resistencia e uma feira literaria dedicada a vozes LGBTQIA+, perifericas e de resistencia, celebrando a diversidade e o poder transformador da literatura. Confira a programacao em www.feiraflor.com.br e planeje sua visita."
por que a Festa Literaria POA e importante?,"A Festa Literaria de Porto Alegre e fundamental para fomentar a leitura e a cultura no Brasil, conectando autores, editoras e leitores de todo o pais. E uma experiencia enriquecedora para qualquer amante da literatura."
quais eventos tem na Feira Unesp?,"A Feira do Livro da Unesp costuma oferecer: bate-papos com autores, mesas de debate, lancamentos de livros, oficinas literarias e espacos para criancas. A programacao completa e divulgada em www.livraria.unesp.br proximo ao evento."
em que rua fica a FLOR?,"O endereco da FLOR - Feira Literaria do Orgulho e Resistencia e: Largo do Arouche, s/n - Republica, Sao Paulo (SP) - CEP 01219-010 (Largo do Arouche e adjacencias). Para informacoes de transporte e estacionamento, consulte www.feiraflor.com.br."
tem como me informar sobre a FLIC?,"Claro! A FLIC - Festa Literaria de Belo Horizonte acontece em junho, em Belo Horizonte (MG). Para mais detalhes, acesse www.flicbh.com.br."
em que epoca do ano rola a Flipocos?,"A Flipocos - Festa Literaria de Pocos de Caldas geralmente acontece em agosto. Para as datas exatas desta edicao, consulte www.flipocos.com.br."
onde e a bienal do livro?,"Existem Bienais do Livro em diferentes cidades brasileiras: Sao Paulo (Pavilhao do Anhembi - Av. Olavo Fontoura, 1209), Rio de Janeiro (Riocentro - Av. Salvador Allende, 6555), Salvador/BA (Centro de Convencoes da Bahia - Av. ACM, s/n) e Recife/PE (Centro de Convencoes de Pernambuco). Qual delas voce quer conhecer?"
tchau,Ate logo! Espero ter ajudado. Continue participando das feiras literarias do Brasil!
em que cidade e a FLIC?,A FLIC - Festa Literaria de Belo Horizonte e realizada em Belo Horizonte (MG).
onde acontece a FLIP?,A FLIP - Festa Literaria Internacional de Paraty e realizada em Paraty (RJ).
me da o endereco da Feira Unesp,"O endereco da Feira do Livro da Unesp e: Rua Quirino de Andrade, 215 - Centro, Sao Paulo (SP) - CEP 01049-010 (Editora Unesp / Livraria da Unesp). Para informacoes de transporte e estacionamento, consulte www.livraria.unesp.br."
qual o periodo da Festival Literario SC?,"A Festival Literario Catarinense geralmente acontece em setembro. Para as datas exatas desta edicao, consulte www.festivalliterariosc.com.br."
quais autores participam da Feira do Livro da Unesp?,"A Feira do Livro da Unesp ja recebeu como convidados nomes como Milton Hatoum, Conceicao Evaristo e Djamila Ribeiro, entre outros autores brasileiros e internacionais. Os convidados de cada nova edicao sao anunciados em www.livraria.unesp.br."
qual o impacto da FLIC?,"A FLIC - Festa Literaria de Belo Horizonte e fundamental para fomentar a leitura e a cultura no Brasil, conectando autores, editoras e leitores de todo o pais. E uma experiencia enriquecedora para qualquer amante da literatura."
quais as datas da Bienal Internacional do Livro de Pernambuco?,"A Bienal Internacional do Livro de Pernambuco geralmente acontece em outubro. Para as datas exatas desta edicao, consulte www.bienaldolivrope.com.br."
quais autores ja foram convidados para a Feira Unesp?,"A Feira do Livro da Unesp ja recebeu como convidados nomes como Djamila Ribeiro, Milton Hatoum e Ailton Krenak, entre outros autores brasileiros e internacionais. Os convidados de cada nova edicao sao anunciados em www.livraria.unesp.br."
o que sao as bienais do livro?,"A Bienal do Livro e um grande festival cultural e literario que reune editoras, livrarias, autores e leitores para celebrar a leitura. No Brasil temos varias: Bienal de Sao Paulo, Bienal do Rio de Janeiro, Bienal Bahia (Salvador) e Bienal de Pernambuco (Recife). Sobre qual delas voce gostaria de saber mais?"
vale a pena ir na FLIP?,"Com certeza! A FLIP - Festa Literaria Internacional de Paraty e um festival intimista e sofisticado realizado na historica cidade de Paraty, reconhecido internacionalmente pela qualidade de sua programacao. Confira a programacao em www.flip.org.br e planeje sua visita."
qual o endereco da Bienal Internacional do Livro de Sao Paulo?,"O endereco da Bienal Internacional do Livro de Sao Paulo e: Av. Olavo Fontoura, 1209 - Santana, Sao Paulo (SP) - CEP 02012-021 (Pavilhao do Anhembi). Para informacoes de transporte e estacionamento, consulte www.bienaldolivro.com.br."
me explica o que e a Feira Unesp,"A Feira do Livro da Unesp e uma feira academica e literaria promovida pela Editora Unesp, com forte presenca de titulos universitarios, tecnicos e de divulgacao cientifica. Acesse www.livraria.unesp.br para mais informacoes."
me da o endereco da FLIC,"O endereco da FLIC - Festa Literaria de Belo Horizonte e: Praca da Liberdade, s/n - Funcionarios, Belo Horizonte (MG) - CEP 30140-010 (Circuito Liberdade). Para informacoes de transporte e estacionamento, consulte www.flicbh.com.br."
posso comprar livros nas feiras literarias?,"Sim! As feiras literarias sao otimos locais para comprar livros, geralmente com descontos e promocoes especiais. Muitas editoras oferecem precos diferenciados durante os eventos."
quais autores participam da Flipocos - Festa Literaria de Pocos de Caldas?,"A Flipocos - Festa Literaria de Pocos de Caldas ja recebeu como convidados nomes como Itamar Vieira Junior, Milton Hatoum e Djamila Ribeiro, entre outros autores brasileiros e internacionais. Os convidados de cada nova edicao sao anunciados em www.flipocos.com.br."
grato,"Fico feliz em ajudar! Se tiver mais duvidas sobre feiras literarias, e so perguntar."
quais escritores ja estiveram na Bienal Bahia?,"A Bienal do Livro Bahia ja recebeu como convidados nomes como Ailton Krenak, Itamar Vieira Junior e Djamila Ribeiro, entre outros autores brasileiros e internacionais. Os convidados de cada nova edicao sao anunciados em www.bienaldolivrobahia.com.br."
quem e o homenageado da Bienal Rio?,"A Bienal do Rio de Janeiro ja prestou homenagem a grandes nomes da literatura, como Graciliano Ramos, Clarice Lispector e Machado de Assis. O autor ou autora homenageado(a) de cada edicao e anunciado(a) em www.bienaldorio.com.br."
qual o endereco da Bienal do Livro SP?,"A Bienal Internacional do Livro de Sao Paulo acontece em: Av. Olavo Fontoura, 1209 - Santana, Sao Paulo (SP) - CEP 02012-021 (Pavilhao do Anhembi). Mais detalhes logisticos em www.bienaldolivro.com.br."
quem recebeu homenagem na Bienal Internacional do Livro de Sao Paulo?,"A Bienal Internacional do Livro de Sao Paulo ja prestou homenagem a grandes nomes da literatura, como Clarice Lispector, Ariano Suassuna e Jorge Amado. O autor ou autora homenageado(a) de cada edicao e anunciado(a) em www.bienaldolivro.com.br."
quem recebeu homenagem na Festival Literario Catarinense?,"A Festival Literario Catarinense ja prestou homenagem a grandes nomes da literatura, como Antonieta de Barros, Salim Miguel e Cruz e Sousa. O autor ou autora homenageado(a) de cada edicao e anunciado(a) em www.festivalliterariosc.com.br."
quais autores foram homenageados na Bienal Rio?,"A Bienal do Rio de Janeiro ja prestou homenagem a grandes nomes da literatura, como Graciliano Ramos, Clarice Lispector e Machado de Assis. O autor ou autora homenageado(a) de cada edicao e anunciado(a) em www.bienaldorio.com.br."
qual o periodo da Feira Unesp?,"A Feira do Livro da Unesp geralmente acontece em outubro. Para as datas exatas desta edicao, consulte www.livraria.unesp.br."
qual o impacto da Flipocos?,"A Flipocos - Festa Literaria de Pocos de Caldas e fundamental para fomentar a leitura e a cultura no Brasil, conectando autores, editoras e leitores de todo o pais. E uma experiencia enriquecedora para qualquer amante da literatura."
quais as datas da FLIC - Festa Literaria de Belo Horizonte?,"A FLIC - Festa Literaria de Belo Horizonte geralmente acontece em junho. Para as datas exatas desta edicao, consulte www.flicbh.com.br."
vale a pena ir na Bienal Rio?,"Com certeza! A Bienal do Rio de Janeiro e um dos eventos mais aguardados do Rio, com lancamentos exclusivos e encontros com grandes autores brasileiros e internacionais. Confira a programacao em www.bienaldorio.com.br e planeje sua visita."
qual o endereco completo da Flipocos?,"O endereco da Flipocos - Festa Literaria de Pocos de Caldas e: Thermas Antonio Carlos - Av. Francisco Salles, 544 - Centro, Pocos de Caldas (MG) - CEP 37701-366. Para informacoes de transporte e estacionamento, consulte www.flipocos.com.br."
muito obrigado,"Fico feliz em ajudar! Se tiver mais duvidas sobre feiras literarias, e so perguntar."
qual o endereco da Bienal Bahia?,"A Bienal do Livro Bahia acontece em: Centro de Convencoes da Bahia - Av. Antonio Carlos Magalhaes, s/n - Stiep, Salvador (BA) - CEP 41770-019. Mais detalhes logisticos em www.bienaldolivrobahia.com.br."
onde fica a Festival Literario SC?,A Festival Literario Catarinense e realizada em Florianopolis (SC).
quais autores participam da Feira do Livro de Porto Alegre?,"A Feira do Livro de Porto Alegre ja recebeu como convidados nomes como Ailton Krenak, Milton Hatoum e Djamila Ribeiro, entre outros autores brasileiros e internacionais. Os convidados de cada nova edicao sao anunciados em www.feiradolivro.com.br."
o que tem na FLOR?,"A FLOR - Feira Literaria do Orgulho e Resistencia costuma oferecer: bate-papos com autores, mesas de debate, lancamentos de livros, oficinas literarias e espacos para criancas. A programacao completa e divulgada em www.feiraflor.com.br proximo ao evento."
flw,Ate logo! Espero ter ajudado. Continue participando das feiras literarias do Brasil!
como chegar na Feira Unesp?,"O endereco da Feira do Livro da Unesp e: Rua Quirino de Andrade, 215 - Centro, Sao Paulo (SP) - CEP 01049-010 (Editora Unesp / Livraria da Unesp). Para informacoes de transporte e estacionamento, consulte www.livraria.unesp.br."
quais escritores foram homenageados pela FLIC?,"A FLIC - Festa Literaria de Belo Horizonte ja prestou homenagem a grandes nomes da literatura, como Drummond de Andrade, Guimaraes Rosa e Conceicao Evaristo. O autor ou autora homenageado(a) de cada edicao e anunciado(a) em www.flicbh.com.br."
quais escritores ja estiveram na FLIC?,"A FLIC - Festa Literaria de Belo Horizonte ja recebeu como convidados nomes como Djamila Ribeiro, Ailton Krenak e Milton Hatoum, entre outros autores brasileiros e internacionais. Os convidados de cada nova edicao sao anunciados em www.flicbh.com.br."
quais autores ja foram convidados para a Bienal do Livro SP?,"A Bienal Internacional do Livro de Sao Paulo ja recebeu como convidados nomes como Djamila Ribeiro e Milton Hatoum, entre outros autores. Os convidados de cada nova edicao sao anunciados em www.bienaldolivro.com.br."
em que rua fica a Feira do Livro POA?,"O endereco da Feira do Livro de Porto Alegre e: Praca da Alfandega, s/n - Centro Historico, Porto Alegre (RS) - CEP 90010-150. Para informacoes de transporte e estacionamento, consulte www.feiradolivro.com.br."
a FLIC e em qual cidade?,A FLIC - Festa Literaria de Belo Horizonte e realizada em Belo Horizonte (MG).
onde e realizada a FLIC - Festa Literaria de Belo Horizonte?,A FLIC - Festa Literaria de Belo Horizonte e realizada em Belo Horizonte (MG).
quem ja foi convidado para a Bienal PE?,"A Bienal Internacional do Livro de Pernambuco ja recebeu como convidados nomes como Djamila Ribeiro, Conceicao Evaristo e Itamar Vieira Junior, entre outros autores brasileiros e internacionais. Os convidados de cada nova edicao sao anunciados em www.bienaldolivrope.com.br."
me da o endereco da Bienal Bahia,"O endereco da Bienal do Livro Bahia e: Centro de Convencoes da Bahia - Av. Antonio Carlos Magalhaes, s/n - Stiep, Salvador (BA) - CEP 41770-019. Para informacoes de transporte e estacionamento, consulte www.bienaldolivrobahia.com.br."
quais autores ja foram convidados para a FLOR?,"A FLOR - Feira Literaria do Orgulho e Resistencia ja recebeu como convidados nomes como Conceicao Evaristo e Itamar Vieira Junior, entre outros autores. Os convidados de cada nova edicao sao anunciados em www.feiraflor.com.br."
quando e a Feira Unesp?,"A Feira do Livro da Unesp geralmente acontece em outubro. Para as datas exatas desta edicao, consulte www.livraria.unesp.br."
quais escritores costumam ir a FLOR?,"A FLOR - Feira Literaria do Orgulho e Resistencia ja recebeu como convidados nomes como Itamar Vieira Junior, Djamila Ribeiro e Ailton Krenak, entre outros autores brasileiros e internacionais. Os convidados de cada nova edicao sao anunciados em www.feiraflor.com.br."
quem recebeu homenagem na FLIC - Festa Literaria de Belo Horizonte?,"A FLIC - Festa Literaria de Belo Horizonte ja prestou homenagem a grandes nomes da literatura, como Guimaraes Rosa, Conceicao Evaristo e Drummond de Andrade. O autor ou autora homenageado(a) de cada edicao e anunciado(a) em www.flicbh.com.br."
qual o local exato da Festa Literaria POA?,"O endereco da Festa Literaria de Porto Alegre e: Usina do Gasometro - Av. Presidente Joao Goulart, 551 - Centro Historico, Porto Alegre (RS) - CEP 90010-310. Para informacoes de transporte e estacionamento, consulte festaliterariaportaalegre.com.br."
qual e o local da Festa Literaria POA?,A Festa Literaria de Porto Alegre e realizada em Porto Alegre (RS).
em que epoca do ano rola a FLOR?,"A FLOR - Feira Literaria do Orgulho e Resistencia geralmente acontece em junho. Para as datas exatas desta edicao, consulte www.feiraflor.com.br."
me fale sobre a Bienal Bahia,"A Bienal do Livro Bahia e um dos maiores eventos literarios do Nordeste, reunindo autores, editoras e leitores em Salvador com forte identidade cultural baiana. Acesse www.bienaldolivrobahia.com.br para mais informacoes."
qual o endereco da Feira Unesp?,"O endereco da Feira do Livro da Unesp e: Rua Quirino de Andrade, 215 - Centro, Sao Paulo (SP) - CEP 01049-010 (Editora Unesp / Livraria da Unesp). Para informacoes de transporte e estacionamento, consulte www.livraria.unesp.br."
quem e o homenageado da Festival Literario SC?,"A Festival Literario Catarinense ja prestou homenagem a grandes nomes da literatura, como Salim Miguel, Cruz e Sousa e Antonieta de Barros. O autor ou autora homenageado(a) de cada edicao e anunciado(a) em www.festivalliterariosc.com.br."
quais feiras literarias tem atividades para criancas?,"A maioria das grandes feiras tem espacos dedicados ao publico infantil. Bienal do Livro SP, Bienal Rio e FLIP costumam ter programacao especial para criancas, com contacao de historias e oficinas criativas."
qual o endereco da Bienal do Livro SP?,"A Bienal Internacional do Livro de Sao Paulo acontece em: Av. Olavo Fontoura, 1209 - Santana, Sao Paulo (SP) - CEP 02012-021 (Pavilhao do Anhembi). Mais detalhes logisticos em www.bienaldolivro.com.br."
quem foi homenageado na FLIP?,"A FLIP - Festa Literaria Internacional de Paraty ja prestou homenagem a grandes nomes da literatura, como Carlos Drummond de Andrade, Guimaraes Rosa e Lima Barreto. O autor ou autora homenageado(a) de cada edicao e anunciado(a) em www.flip.org.br."
quando ocorre a Bienal do Livro Bahia?,"A Bienal do Livro Bahia geralmente acontece em outubro. Para as datas exatas desta edicao, consulte www.bienaldolivrobahia.com.br."
precisa pagar para entrar na Bienal Rio?,"Os precos dos ingressos da Bienal do Rio de Janeiro variam a cada edicao. Em geral, ha ingressos simbolicos (a partir de R$ 20,00) e costumam existir dias ou atividades de entrada gratuita. Verifique os valores atuais em www.bienaldorio.com.br."
qual o endereco da FLIC?,"O endereco da FLIC - Festa Literaria de Belo Horizonte e: Praca da Liberdade, s/n - Funcionarios, Belo Horizonte (MG) - CEP 30140-010 (Circuito Liberdade). Para informacoes de transporte e estacionamento, consulte www.flicbh.com.br."
qual e o local da FLIP?,A FLIP - Festa Literaria Internacional de Paraty e realizada em Paraty (RJ).
qual o periodo da Flipocos?,"A Flipocos - Festa Literaria de Pocos de Caldas geralmente acontece em agosto. Para as datas exatas desta edicao, consulte www.flipocos.com.br."
qual o preco do ingresso para a FLIC?,"Os precos dos ingressos da FLIC - Festa Literaria de Belo Horizonte variam a cada edicao. Em geral, ha ingressos simbolicos (a partir de R$ 20,00) e costumam existir dias ou atividades de entrada gratuita. Verifique os valores atuais em www.flicbh.com.br."
tem entrada gratuita na Bienal Bahia?,"Os precos dos ingressos da Bienal do Livro Bahia variam a cada edicao. Em geral, ha ingressos simbolicos (a partir de R$ 20,00) e costumam existir dias ou atividades de entrada gratuita. Verifique os valores atuais em www.bienaldolivrobahia.com.br."
em que epoca do ano rola a FLIC?,"A FLIC - Festa Literaria de Belo Horizonte geralmente acontece em junho. Para as datas exatas desta edicao, consulte www.flicbh.com.br."
por que devo ir a Bienal Bahia?,"A Bienal do Livro Bahia e fundamental para fomentar a leitura e a cultura no Brasil, conectando autores, editoras e leitores de todo o pais. E uma experiencia enriquecedora para qualquer amante da literatura."
quando vai ser a Bienal do Livro SP esse ano?,"A Bienal Internacional do Livro de Sao Paulo geralmente acontece em julho. Para as datas exatas desta edicao, consulte www.bienaldolivro.com.br."
em que cidade e a Bienal Rio?,A Bienal do Rio de Janeiro e realizada em Rio de Janeiro (RJ) - Riocentro.
em que epoca do ano rola a Festival Literario SC?,"A Festival Literario Catarinense geralmente acontece em setembro. Para as datas exatas desta edicao, consulte www.festivalliterariosc.com.br."
por que devo ir a Festa Literaria POA?,"A Festa Literaria de Porto Alegre e fundamental para fomentar a leitura e a cultura no Brasil, conectando autores, editoras e leitores de todo o pais. E uma experiencia enriquecedora para qualquer amante da literatura."
vale a pena ir na FLIP?,"Com certeza! A FLIP - Festa Literaria Internacional de Paraty e um festival intimista e sofisticado realizado na historica cidade de Paraty, reconhecido internacionalmente pela qualidade de sua programacao. Confira a programacao em www.flip.org.br e planeje sua visita."
o que acontece na Bienal PE?,"A Bienal Internacional do Livro de Pernambuco costuma oferecer: bate-papos com autores, mesas de debate, lancamentos de livros, oficinas literarias e espacos para criancas. A programacao completa e divulgada em www.bienaldolivrope.com.br proximo ao evento."
qual a historia da FLOR?,"A FLOR - Feira Literaria do Orgulho e Resistencia e uma feira literaria dedicada a vozes LGBTQIA+, perifericas e de resistencia, celebrando a diversidade e o poder transformador da literatura. Acesse www.feiraflor.com.br para mais informacoes."
me fale sobre a Feira Unesp,"A Feira do Livro da Unesp e uma feira academica e literaria promovida pela Editora Unesp, com forte presenca de titulos universitarios, tecnicos e de divulgacao cientifica. Acesse www.livraria.unesp.br para mais informacoes."
hey,"Ola! Sou o ChatLitera, seu guia sobre feiras literarias brasileiras. Posso ajudar com datas, locais, programacao, ingressos e muito mais. O que voce quer saber?"
quais autores foram homenageados na FLIP?,"A FLIP - Festa Literaria Internacional de Paraty ja prestou homenagem a grandes nomes da literatura, como Cora Coralina, Carlos Drummond de Andrade e Manoel de Barros. O autor ou autora homenageado(a) de cada edicao e anunciado(a) em www.flip.org.br."
por que devo ir a Flipocos?,"A Flipocos - Festa Literaria de Pocos de Caldas e fundamental para fomentar a leitura e a cultura no Brasil, conectando autores, editoras e leitores de todo o pais. E uma experiencia enriquecedora para qualquer amante da literatura."
em que rua fica a Feira Unesp?,"O endereco da Feira do Livro da Unesp e: Rua Quirino de Andrade, 215 - Centro, Sao Paulo (SP) - CEP 01049-010 (Editora Unesp / Livraria da Unesp). Para informacoes de transporte e estacionamento, consulte www.livraria.unesp.br."
quero informacoes sobre feiras,"Posso ajudar! Voce quer saber sobre qual feira especificamente? Temos: Bienal SP, Bienal Rio, FLIP, FLIC, Feira POA, FLOR, Bienal Bahia, Bienal PE, Feira Unesp, Flipocos e Festival Literario SC, entre outras."
quais autores foram homenageados na Bienal do Livro SP?,"A Bienal Internacional do Livro de Sao Paulo ja prestou homenagem a grandes nomes da literatura, como Clarice Lispector, Ariano Suassuna e Jorge Amado. O autor ou autora homenageado(a) de cada edicao e anunciado(a) em www.bienaldolivro.com.br."
quais autores foram homenageados na FLOR?,"A FLOR - Feira Literaria do Orgulho e Resistencia ja prestou homenagem a grandes nomes da literatura, como Cassandra Rios, Joao Silverio Trevisan e Caio Fernando Abreu. O autor ou autora homenageado(a) de cada edicao e anunciado(a) em www.feiraflor.com.br."
o que e a FLIC?,"A FLIC - Festa Literaria de Belo Horizonte e um festival mineiro com forte identidade cultural, promovendo debates, oficinas e lancamentos de livros. Acesse www.flicbh.com.br para mais informacoes."
a FLIC e paga?,"Os precos dos ingressos da FLIC - Festa Literaria de Belo Horizonte variam a cada edicao. Em geral, ha ingressos simbolicos (a partir de R$ 20,00) e costumam existir dias ou atividades de entrada gratuita. Verifique os valores atuais em www.flicbh.com.br."
a Bienal do Livro Bahia cobra entrada?,"Os precos dos ingressos da Bienal do Livro Bahia variam a cada edicao. Em geral, ha ingressos simbolicos (a partir de R$ 20,00) e costumam existir dias ou atividades de entrada gratuita. Verifique os valores atuais em www.bienaldolivrobahia.com.br."
qual a cidade da FLOR?,A FLOR - Feira Literaria do Orgulho e Resistencia e realizada em Sao Paulo (SP).
tem como me informar sobre a FLOR?,"Claro! A FLOR - Feira Literaria do Orgulho e Resistencia acontece em junho, em Sao Paulo (SP). Para mais detalhes, acesse www.feiraflor.com.br."
me fale sobre a Flipocos,"A Flipocos - Festa Literaria de Pocos de Caldas e um festival literario encantador na cidade das aguas, com programacao intimista e diversificada para leitores de todas as idades. Acesse www.flipocos.com.br para mais informacoes."
quais eventos tem na Flipocos?,"A Flipocos - Festa Literaria de Pocos de Caldas costuma oferecer: bate-papos com autores, mesas de debate, lancamentos de livros, oficinas literarias e espacos para criancas. A programacao completa e divulgada em www.flipocos.com.br proximo ao evento."
como chegar na FLIC?,"O endereco da FLIC - Festa Literaria de Belo Horizonte e: Praca da Liberdade, s/n - Funcionarios, Belo Horizonte (MG) - CEP 30140-010 (Circuito Liberdade). Para informacoes de transporte e estacionamento, consulte www.flicbh.com.br."
qual o periodo da Bienal Bahia?,"A Bienal do Livro Bahia geralmente acontece em outubro. Para as datas exatas desta edicao, consulte www.bienaldolivrobahia.com.br."
quais as atividades da FLIC?,"A FLIC - Festa Literaria de Belo Horizonte costuma oferecer: bate-papos com autores, mesas de debate, lancamentos de livros, oficinas literarias e espacos para criancas. A programacao completa e divulgada em www.flicbh.com.br proximo ao evento."
quais autores ja foram convidados para a Festival Literario SC?,"A Festival Literario Catarinense ja recebeu como convidados nomes como Conceicao Evaristo e Djamila Ribeiro, entre outros autores. Os convidados de cada nova edicao sao anunciados em www.festivalliterariosc.com.br."
tem como me informar sobre a Bienal PE?,"Claro! A Bienal Internacional do Livro de Pernambuco acontece em outubro, em Recife (PE) - Centro de Convencoes. Para mais detalhes, acesse www.bienaldolivrope.com.br."
a Feira do Livro POA ja homenageou quais autores?,"A Feira do Livro de Porto Alegre ja prestou homenagem a grandes nomes da literatura, como Erico Verissimo, Lya Luft e Josue Guimaraes. O autor ou autora homenageado(a) de cada edicao e anunciado(a) em www.feiradolivro.com.br."
vale a pena ir na Bienal do Livro SP?,"Com certeza! A Bienal Internacional do Livro de Sao Paulo e um dos maiores eventos literarios da America Latina, reunindo editoras, autores e leitores do mundo inteiro. Confira a programacao em www.bienaldolivro.com.br e planeje sua visita."
quem recebeu homenagem na Bienal do Livro Bahia?,"A Bienal do Livro Bahia ja prestou homenagem a grandes nomes da literatura, como Conceicao Evaristo, Jorge Amado e Ariano Suassuna. O autor ou autora homenageado(a) de cada edicao e anunciado(a) em www.bienaldolivrobahia.com.br."
me diz autores que ja foram na Festival Literario SC,"A Festival Literario Catarinense ja recebeu como convidados nomes como Djamila Ribeiro, Conceicao Evaristo e Ailton Krenak, entre outros autores brasileiros e internacionais. Os convidados de cada nova edicao sao anunciados em www.festivalliterariosc.com.br."
qual o local exato da FLOR?,"O endereco da FLOR - Feira Literaria do Orgulho e Resistencia e: Largo do Arouche, s/n - Republica, Sao Paulo (SP) - CEP 01219-010 (Largo do Arouche e adjacencias). Para informacoes de transporte e estacionamento, consulte www.feiraflor.com.br."
qual a cidade da Bienal Bahia?,A Bienal do Livro Bahia e realizada em Salvador (BA) - Centro de Convencoes.
em que mes acontece a FLOR?,"A FLOR - Feira Literaria do Orgulho e Resistencia geralmente acontece em junho. Para as datas exatas desta edicao, consulte www.feiraflor.com.br."
qual o periodo da FLOR?,"A FLOR - Feira Literaria do Orgulho e Resistencia geralmente acontece em junho. Para as datas exatas desta edicao, consulte www.feiraflor.com.br."
tem como me informar sobre a Festa Literaria POA?,"Claro! A Festa Literaria de Porto Alegre acontece em novembro, em Porto Alegre (RS). Para mais detalhes, acesse festaliterariaportaalegre.com.br."
me conta sobre a Bienal do Rio de Janeiro,"A Bienal do Rio de Janeiro e um dos eventos mais aguardados do Rio, com lancamentos exclusivos e encontros com grandes autores brasileiros e internacionais. Acesse www.bienaldorio.com.br para mais informacoes."
qual e o local da FLOR?,A FLOR - Feira Literaria do Orgulho e Resistencia e realizada em Sao Paulo (SP).
fala sobre a bienal do livro,"A Bienal do Livro e um grande festival cultural e literario que reune editoras, livrarias, autores e leitores para celebrar a leitura. No Brasil temos varias: Bienal de Sao Paulo, Bienal do Rio de Janeiro, Bienal Bahia (Salvador) e Bienal de Pernambuco (Recife). Sobre qual delas voce gostaria de saber mais?"
me explica o que e a Festa Literaria POA,"A Festa Literaria de Porto Alegre e um dos principais eventos literarios do Sul do Brasil, com intensa programacao de autores regionais e nacionais. Acesse festaliterariaportaalegre.com.br para mais informacoes."
tem oficinas na Bienal Rio?,"A Bienal do Rio de Janeiro costuma oferecer: bate-papos com autores, mesas de debate, lancamentos de livros, oficinas literarias e espacos para criancas. A programacao completa e divulgada em www.bienaldorio.com.br proximo ao evento."
precisa pagar para entrar na Festa Literaria POA?,"Os precos dos ingressos da Festa Literaria de Porto Alegre variam a cada edicao. Em geral, ha ingressos simbolicos (a partir de R$ 20,00) e costumam existir dias ou atividades de entrada gratuita. Verifique os valores atuais em festaliterariaportaalegre.com.br."
quanto e o ticket da Feira Unesp?,"Os precos dos ingressos da Feira do Livro da Unesp variam a cada edicao. Em geral, ha ingressos simbolicos (a partir de R$ 20,00) e costumam existir dias ou atividades de entrada gratuita. Verifique os valores atuais em www.livraria.unesp.br."
qual a diferenca entre bienal e feira literaria?,"A principal diferenca e a frequencia: bienal significa que o evento ocorre a cada dois anos, enquanto feira pode ser anual. No conteudo, ambas vendem livros e promovem encontros culturais, mas as bienais costumam ser maiores em escala."
quantas bienais do livro existem no brasil?,"A Bienal do Livro e um grande festival cultural e literario que reune editoras, livrarias, autores e leitores para celebrar a leitura. No Brasil temos varias: Bienal de Sao Paulo, Bienal do Rio de Janeiro, Bienal Bahia (Salvador) e Bienal de Pernambuco (Recife). Sobre qual delas voce gostaria de saber mais?"
quanto e o ticket da FLOR?,"Os precos dos ingressos da FLOR - Feira Literaria do Orgulho e Resistencia variam a cada edicao. Em geral, ha ingressos simbolicos (a partir de R$ 20,00) e costumam existir dias ou atividades de entrada gratuita. Verifique os valores atuais em www.feiraflor.com.br."
o que acontece na Flipocos?,"A Flipocos - Festa Literaria de Pocos de Caldas costuma oferecer: bate-papos com autores, mesas de debate, lancamentos de livros, oficinas literarias e espacos para criancas. A programacao completa e divulgada em www.flipocos.com.br proximo ao evento."
vale a pena ir na Flipocos?,"Com certeza! A Flipocos - Festa Literaria de Pocos de Caldas e um festival literario encantador na cidade das aguas, com programacao intimista e diversificada para leitores de todas as idades. Confira a programacao em www.flipocos.com.br e planeje sua visita."
tem oficinas na Flipocos?,"A Flipocos - Festa Literaria de Pocos de Caldas costuma oferecer: bate-papos com autores, mesas de debate, lancamentos de livros, oficinas literarias e espacos para criancas. A programacao completa e divulgada em www.flipocos.com.br proximo ao evento."
quais autores foram homenageados na Feira do Livro POA?,"A Feira do Livro de Porto Alegre ja prestou homenagem a grandes nomes da literatura, como Lya Luft, Moacyr Scliar e Josue Guimaraes. O autor ou autora homenageado(a) de cada edicao e anunciado(a) em www.feiradolivro.com.br."
qual a historia da Bienal Bahia?,"A Bienal do Livro Bahia e um dos maiores eventos literarios do Nordeste, reunindo autores, editoras e leitores em Salvador com forte identidade cultural baiana. Acesse www.bienaldolivrobahia.com.br para mais informacoes."
quem ja foi convidado para a Bienal Rio?,"A Bienal do Rio de Janeiro ja recebeu como convidados nomes como Ailton Krenak, Lygia Fagundes Telles e Djamila Ribeiro, entre outros autores brasileiros e internacionais. Os convidados de cada nova edicao sao anunciados em www.bienaldorio.com.br."
precisa pagar para entrar na Feira do Livro POA?,"Os precos dos ingressos da Feira do Livro de Porto Alegre variam a cada edicao. Em geral, ha ingressos simbolicos (a partir de R$ 20,00) e costumam existir dias ou atividades de entrada gratuita. Verifique os valores atuais em www.feiradolivro.com.br."
por que a Feira Unesp e importante?,"A Feira do Livro da Unesp e fundamental para fomentar a leitura e a cultura no Brasil, conectando autores, editoras e leitores de todo o pais. E uma experiencia enriquecedora para qualquer amante da literatura."
onde e realizada a FLOR - Feira Literaria do Orgulho e Resistencia?,A FLOR - Feira Literaria do Orgulho e Resistencia e realizada em Sao Paulo (SP).
a Feira do Livro de Porto Alegre cobra entrada?,"Os precos dos ingressos da Feira do Livro de Porto Alegre variam a cada edicao. Em geral, ha ingressos simbolicos (a partir de R$ 20,00) e costumam existir dias ou atividades de entrada gratuita. Verifique os valores atuais em www.feiradolivro.com.br."
em que mes acontece a Flipocos?,"A Flipocos - Festa Literaria de Pocos de Caldas geralmente acontece em agosto. Para as datas exatas desta edicao, consulte www.flipocos.com.br."
vale a pena ir na Bienal Rio?,"A Bienal do Rio de Janeiro e fundamental para fomentar a leitura e a cultura no Brasil, conectando autores, editoras e leitores de todo o pais. E uma experiencia enriquecedora para qualquer amante da literatura."
a FLIP ja homenageou quais autores?,"A FLIP - Festa Literaria Internacional de Paraty ja prestou homenagem a grandes nomes da literatura, como Cora Coralina, Lima Barreto e Hilda Hilst. O autor ou autora homenageado(a) de cada edicao e anunciado(a) em www.flip.org.br."
quem recebeu homenagem na FLIP - Festa Literaria Internacional de Paraty?,"A FLIP - Festa Literaria Internacional de Paraty ja prestou homenagem a grandes nomes da literatura, como Hilda Hilst, Guimaraes Rosa e Cora Coralina. O autor ou autora homenageado(a) de cada edicao e anunciado(a) em www.flip.org.br."
quando ocorre a FLIP - Festa Literaria Internacional de Paraty?,"A FLIP - Festa Literaria Internacional de Paraty geralmente acontece em julho/agosto. Para as datas exatas desta edicao, consulte www.flip.org.br."
tem como me informar sobre a Bienal Bahia?,"Claro! A Bienal do Livro Bahia acontece em outubro, em Salvador (BA) - Centro de Convencoes. Para mais detalhes, acesse www.bienaldolivrobahia.com.br."
precisa pagar para entrar na Bienal Bahia?,"Os precos dos ingressos da Bienal do Livro Bahia variam a cada edicao. Em geral, ha ingressos simbolicos (a partir de R$ 20,00) e costumam existir dias ou atividades de entrada gratuita. Verifique os valores atuais em www.bienaldolivrobahia.com.br."
vale a pena ir na Bienal Rio?,"Com certeza! A Bienal do Rio de Janeiro e um dos eventos mais aguardados do Rio, com lancamentos exclusivos e encontros com grandes autores brasileiros e internacionais. Confira a programacao em www.bienaldorio.com.br e planeje sua visita."
me fale sobre a Festival Literario SC,"A Festival Literario Catarinense e um dos principais festivais do Sul do Brasil, celebrando a literatura catarinense e nacional com debates, lancamentos e oficinas. Acesse www.festivalliterariosc.com.br para mais informacoes."
como chegar na FLOR?,"O endereco da FLOR - Feira Literaria do Orgulho e Resistencia e: Largo do Arouche, s/n - Republica, Sao Paulo (SP) - CEP 01219-010 (Largo do Arouche e adjacencias). Para informacoes de transporte e estacionamento, consulte www.feiraflor.com.br."
qual a programacao da Bienal Bahia?,"A Bienal do Livro Bahia costuma oferecer: bate-papos com autores, mesas de debate, lancamentos de livros, oficinas literarias e espacos para criancas. A programacao completa e divulgada em www.bienaldolivrobahia.com.br proximo ao evento."
quais eventos tem na Festival Literario SC?,"A Festival Literario Catarinense costuma oferecer: bate-papos com autores, mesas de debate, lancamentos de livros, oficinas literarias e espacos para criancas. A programacao completa e divulgada em www.festivalliterariosc.com.br proximo ao evento."
quanto custa o ingresso da Bienal do Livro SP?,"Os precos dos ingressos da Bienal Internacional do Livro de Sao Paulo variam a cada edicao. Em geral, ha ingressos simbolicos (a partir de R$ 20,00) e costumam existir dias ou atividades de entrada gratuita. Verifique os valores atuais em www.bienaldolivro.com.br."
quais autores ja foram convidados para a Feira do Livro POA?,"A Feira do Livro de Porto Alegre ja recebeu como convidados nomes como Ailton Krenak e Itamar Vieira Junior, entre outros autores. Os convidados de cada nova edicao sao anunciados em www.feiradolivro.com.br."
em que cidade e a Feira Unesp?,A Feira do Livro da Unesp e realizada em Sao Paulo (SP) - Campus da Unesp.
quando vai ser a Festa Literaria POA esse ano?,"A Festa Literaria de Porto Alegre geralmente acontece em novembro. Para as datas exatas desta edicao, consulte festaliterariaportaalegre.com.br."
qual o periodo da Bienal do Livro SP?,"A Bienal Internacional do Livro de Sao Paulo geralmente acontece em julho. Para as datas exatas desta edicao, consulte www.bienaldolivro.com.br."
qual o endereco da FLOR?,"A FLOR - Feira Literaria do Orgulho e Resistencia acontece em: Largo do Arouche, s/n - Republica, Sao Paulo (SP) - CEP 01219-010 (Largo do Arouche e adjacencias). Mais detalhes logisticos em www.feiraflor.com.br."
tem como me informar sobre a Festa Literaria POA?,"Claro! A Festa Literaria de Porto Alegre acontece em novembro, em Porto Alegre (RS). Para mais detalhes, acesse festaliterariaportaalegre.com.br."
onde e a Bienal do Rio de Janeiro?,"A Bienal do Rio de Janeiro acontece em Rio de Janeiro (RJ) - Riocentro (Av. Salvador Allende, 6555 - Barra da Tijuca, Rio de Janeiro (RJ) - CEP 22783-127 (Riocentro, Pavilhao 3))."
quais autores foram homenageados na Festa Literaria POA?,"A Festa Literaria de Porto Alegre ja prestou homenagem a grandes nomes da literatura, como Rubem Braga, Erico Verissimo e Moacyr Scliar. O autor ou autora homenageado(a) de cada edicao e anunciado(a) em festaliterariaportaalegre.com.br."
quais autores ja foram convidados para a Bienal do Livro SP?,"A Bienal Internacional do Livro de Sao Paulo ja recebeu como convidados nomes como Conceicao Evaristo, Milton Hatoum e Ailton Krenak, entre outros autores brasileiros e internacionais. Os convidados de cada nova edicao sao anunciados em www.bienaldolivro.com.br."
por que a Festival Literario SC e importante?,"A Festival Literario Catarinense e fundamental para fomentar a leitura e a cultura no Brasil, conectando autores, editoras e leitores de todo o pais. E uma experiencia enriquecedora para qualquer amante da literatura."
qual a data da FLIC?,"A FLIC - Festa Literaria de Belo Horizonte geralmente acontece em junho. Para as datas exatas desta edicao, consulte www.flicbh.com.br."
o que tem na Bienal do Livro SP?,"A Bienal Internacional do Livro de Sao Paulo costuma oferecer: bate-papos com autores, mesas de debate, lancamentos de livros, oficinas literarias e espacos para criancas. A programacao completa e divulgada em www.bienaldolivro.com.br proximo ao evento."
onde fica a Bienal do Rio de Janeiro?,"A Bienal do Rio de Janeiro e realizada em Rio de Janeiro (RJ) - Riocentro. Endereco: Av. Salvador Allende, 6555 - Barra da Tijuca, Rio de Janeiro (RJ) - CEP 22783-127 (Riocentro, Pavilhao 3)."
qual o endereco da Feira do Livro de Porto Alegre?,"O endereco da Feira do Livro de Porto Alegre e: Praca da Alfandega, s/n - Centro Historico, Porto Alegre (RS) - CEP 90010-150. Para informacoes de transporte e estacionamento, consulte www.feiradolivro.com.br."
quanto e o ticket da Flipocos?,"Os precos dos ingressos da Flipocos - Festa Literaria de Pocos de Caldas variam a cada edicao. Em geral, ha ingressos simbolicos (a partir de R$ 20,00) e costumam existir dias ou atividades de entrada gratuita. Verifique os valores atuais em www.flipocos.com.br."
qual o endereco da Feira do Livro POA?,"A Feira do Livro de Porto Alegre acontece em: Praca da Alfandega, s/n - Centro Historico, Porto Alegre (RS) - CEP 90010-150. Mais detalhes logisticos em www.feiradolivro.com.br."
quem e o homenageado da Bienal Bahia?,"A Bienal do Livro Bahia ja prestou homenagem a grandes nomes da literatura, como Ariano Suassuna, Jorge Amado e Conceicao Evaristo. O autor ou autora homenageado(a) de cada edicao e anunciado(a) em www.bienaldolivrobahia.com.br."
precisa pagar para entrar na FLOR?,"Os precos dos ingressos da FLOR - Feira Literaria do Orgulho e Resistencia variam a cada edicao. Em geral, ha ingressos simbolicos (a partir de R$ 20,00) e costumam existir dias ou atividades de entrada gratuita. Verifique os valores atuais em www.feiraflor.com.br."
vale a pena ir na Festival Literario SC?,"A Festival Literario Catarinense e fundamental para fomentar a leitura e a cultura no Brasil, conectando autores, editoras e leitores de todo o pais. E uma experiencia enriquecedora para qualquer amante da literatura."
me explica o que e a Flipocos,"A Flipocos - Festa Literaria de Pocos de Caldas e um festival literario encantador na cidade das aguas, com programacao intimista e diversificada para leitores de todas as idades. Acesse www.flipocos.com.br para mais informacoes."
em que epoca do ano rola a Feira do Livro POA?,"A Feira do Livro de Porto Alegre geralmente acontece em outubro/novembro. Para as datas exatas desta edicao, consulte www.feiradolivro.com.br."
qual a data da Bienal Bahia?,"A Bienal do Livro Bahia geralmente acontece em outubro. Para as datas exatas desta edicao, consulte www.bienaldolivrobahia.com.br."
qual o endereco da Festa Literaria POA?,"O endereco da Festa Literaria de Porto Alegre e: Usina do Gasometro - Av. Presidente Joao Goulart, 551 - Centro Historico, Porto Alegre (RS) - CEP 90010-310. Para informacoes de transporte e estacionamento, consulte festaliterariaportaalegre.com.br."
qual o local exato da Bienal Bahia?,"O endereco da Bienal do Livro Bahia e: Centro de Convencoes da Bahia - Av. Antonio Carlos Magalhaes, s/n - Stiep, Salvador (BA) - CEP 41770-019. Para informacoes de transporte e estacionamento, consulte www.bienaldolivrobahia.com.br."
a Feira Unesp ja homenageou quais autores?,"A Feira do Livro da Unesp ja prestou homenagem a grandes nomes da literatura, como Florestan Fernandes, Mario de Andrade e Paulo Freire. O autor ou autora homenageado(a) de cada edicao e anunciado(a) em www.livraria.unesp.br."
onde e realizada a Bienal do Rio de Janeiro?,A Bienal do Rio de Janeiro e realizada em Rio de Janeiro (RJ) - Riocentro.
qual a programacao da Bienal do Livro SP?,"A Bienal Internacional do Livro de Sao Paulo costuma oferecer: bate-papos com autores, mesas de debate, lancamentos de livros, oficinas literarias e espacos para criancas. A programacao completa e divulgada em www.bienaldolivro.com.br proximo ao evento."
qual a importancia da Festival Literario SC?,"A Festival Literario Catarinense e fundamental para fomentar a leitura e a cultura no Brasil, conectando autores, editoras e leitores de todo o pais. E uma experiencia enriquecedora para qualquer amante da literatura."
qual e o local da FLIC?,A FLIC - Festa Literaria de Belo Horizonte e realizada em Belo Horizonte (MG).
onde e realizada a FLIP - Festa Literaria Internacional de Paraty?,A FLIP - Festa Literaria Internacional de Paraty e realizada em Paraty (RJ).
quais autores ja foram convidados para a Bienal Bahia?,"A Bienal do Livro Bahia ja recebeu como convidados nomes como Itamar Vieira Junior, Milton Hatoum e Djamila Ribeiro, entre outros autores brasileiros e internacionais. Os convidados de cada nova edicao sao anunciados em www.bienaldolivrobahia.com.br."
quem e o homenageado da FLOR?,"A FLOR - Feira Literaria do Orgulho e Resistencia ja prestou homenagem a grandes nomes da literatura, como Cassandra Rios, Joao Silverio Trevisan e Caio Fernando Abreu. O autor ou autora homenageado(a) de cada edicao e anunciado(a) em www.feiraflor.com.br."
fala sobre a Flipocos,"A Flipocos - Festa Literaria de Pocos de Caldas e um festival literario encantador na cidade das aguas, com programacao intimista e diversificada para leitores de todas as idades. Acesse www.flipocos.com.br para mais informacoes."
vale a pena ir na FLIP?,"A FLIP - Festa Literaria Internacional de Paraty e fundamental para fomentar a leitura e a cultura no Brasil, conectando autores, editoras e leitores de todo o pais. E uma experiencia enriquecedora para qualquer amante da literatura."
quais autores participam da Bienal Internacional do Livro de Sao Paulo?,"A Bienal Internacional do Livro de Sao Paulo ja recebeu como convidados nomes como Itamar Vieira Junior, Milton Hatoum e Ailton Krenak, entre outros autores brasileiros e internacionais. Os convidados de cada nova edicao sao anunciados em www.bienaldolivro.com.br."
em que cidade e a Festa Literaria POA?,A Festa Literaria de Porto Alegre e realizada em Porto Alegre (RS).
quais as datas da Flipocos - Festa Literaria de Pocos de Caldas?,"A Flipocos - Festa Literaria de Pocos de Caldas geralmente acontece em agosto. Para as datas exatas desta edicao, consulte www.flipocos.com.br."
quais autores ja foram convidados para a FLIP?,"A FLIP - Festa Literaria Internacional de Paraty ja recebeu como convidados nomes como Milton Hatoum e Djamila Ribeiro, entre outros autores. Os convidados de cada nova edicao sao anunciados em www.flip.org.br."
o que e a Bienal Rio?,"A Bienal do Rio de Janeiro e um dos eventos mais aguardados do Rio, com lancamentos exclusivos e encontros com grandes autores brasileiros e internacionais. Acesse www.bienaldorio.com.br para mais informacoes."
qual o endereco da FLIP?,"A FLIP - Festa Literaria Internacional de Paraty acontece em: Praca da Matriz, s/n - Centro Historico, Paraty (RJ) - CEP 23970-000 (Casa da Cultura de Paraty e espacos do centro historico). Mais detalhes logisticos em www.flip.org.br."
o que tem na Bienal Bahia?,"A Bienal do Livro Bahia costuma oferecer: bate-papos com autores, mesas de debate, lancamentos de livros, oficinas literarias e espacos para criancas. A programacao completa e divulgada em www.bienaldolivrobahia.com.br proximo ao evento."
quais as atividades da FLOR?,"A FLOR - Feira Literaria do Orgulho e Resistencia costuma oferecer: bate-papos com autores, mesas de debate, lancamentos de livros, oficinas literarias e espacos para criancas. A programacao completa e divulgada em www.feiraflor.com.br proximo ao evento."
qual o preco do ingresso para a Festa Literaria POA?,"Os precos dos ingressos da Festa Literaria de Porto Alegre variam a cada edicao. Em geral, ha ingressos simbolicos (a partir de R$ 20,00) e costumam existir dias ou atividades de entrada gratuita. Verifique os valores atuais em festaliterariaportaalegre.com.br."
em que mes acontece a Feira do Livro POA?,"A Feira do Livro de Porto Alegre geralmente acontece em outubro/novembro. Para as datas exatas desta edicao, consulte www.feiradolivro.com.br."
quem ja foi convidado para a FLIC?,"A FLIC - Festa Literaria de Belo Horizonte ja recebeu como convidados nomes como Ailton Krenak, Itamar Vieira Junior e Djamila Ribeiro, entre outros autores brasileiros e internacionais. Os convidados de cada nova edicao sao anunciados em www.flicbh.com.br."
quais autores ja foram convidados para a Feira do Livro POA?,"A Feira do Livro de Porto Alegre ja recebeu como convidados nomes como Itamar Vieira Junior e Milton Hatoum, entre outros autores. Os convidados de cada nova edicao sao anunciados em www.feiradolivro.com.br."
me explica o que e a Feira do Livro POA,"A Feira do Livro de Porto Alegre e a mais antiga feira literaria do Brasil, realizada ao ar livre na iconica Praca da Alfandega desde 1955. Acesse www.feiradolivro.com.br para mais informacoes."
quero saber tudo sobre a Feira Unesp,"A Feira do Livro da Unesp e uma feira academica e literaria promovida pela Editora Unesp, com forte presenca de titulos universitarios, tecnicos e de divulgacao cientifica. Ocorre em outubro em Sao Paulo (SP) - Campus da Unesp. Mais informacoes em www.livraria.unesp.br."
qual o endereco da Feira Unesp?,"A Feira do Livro da Unesp acontece em: Rua Quirino de Andrade, 215 - Centro, Sao Paulo (SP) - CEP 01049-010 (Editora Unesp / Livraria da Unesp). Mais detalhes logisticos em www.livraria.unesp.br."
a Festa Literaria POA ja homenageou quais autores?,"A Festa Literaria de Porto Alegre ja prestou homenagem a grandes nomes da literatura, como Rubem Braga, Erico Verissimo e Moacyr Scliar. O autor ou autora homenageado(a) de cada edicao e anunciado(a) em festaliterariaportaalegre.com.br."
quem ja participou da FLIP?,"A FLIP - Festa Literaria Internacional de Paraty ja recebeu como convidados nomes como Lygia Fagundes Telles, Ailton Krenak e Itamar Vieira Junior, entre outros autores brasileiros e internacionais. Os convidados de cada nova edicao sao anunciados em www.flip.org.br."
quem foi homenageado na FLOR?,"A FLOR - Feira Literaria do Orgulho e Resistencia ja prestou homenagem a grandes nomes da literatura, como Joao Silverio Trevisan, Cassandra Rios e Caio Fernando Abreu. O autor ou autora homenageado(a) de cada edicao e anunciado(a) em www.feiraflor.com.br."
tem como me informar sobre a Festival Literario SC?,"Claro! A Festival Literario Catarinense acontece em setembro, em Florianopolis (SC). Para mais detalhes, acesse www.festivalliterariosc.com.br."
quem ja foi convidado para a Bienal do Livro SP?,"A Bienal Internacional do Livro de Sao Paulo ja recebeu como convidados nomes como Itamar Vieira Junior, Ailton Krenak e Milton Hatoum, entre outros autores brasileiros e internacionais. Os convidados de cada nova edicao sao anunciados em www.bienaldolivro.com.br."
qual a historia da Flipocos?,"A Flipocos - Festa Literaria de Pocos de Caldas e um festival literario encantador na cidade das aguas, com programacao intimista e diversificada para leitores de todas as idades. Acesse www.flipocos.com.br para mais informacoes."
me diz autores que ja foram na Bienal Rio,"A Bienal do Rio de Janeiro ja recebeu como convidados nomes como Djamila Ribeiro, Lygia Fagundes Telles e Ailton Krenak, entre outros autores brasileiros e internacionais. Os convidados de cada nova edicao sao anunciados em www.bienaldorio.com.br."
a Bienal Bahia e em qual cidade?,A Bienal do Livro Bahia e realizada em Salvador (BA) - Centro de Convencoes.
em que mes acontece a Festa Literaria POA?,"A Festa Literaria de Porto Alegre geralmente acontece em novembro. Para as datas exatas desta edicao, consulte festaliterariaportaalegre.com.br."
onde e realizada a Bienal do Livro Bahia?,A Bienal do Livro Bahia e realizada em Salvador (BA) - Centro de Convencoes.
quais autores ja foram convidados para a Festa Literaria POA?,"A Festa Literaria de Porto Alegre ja recebeu como convidados nomes como Djamila Ribeiro e Conceicao Evaristo, entre outros autores. Os convidados de cada nova edicao sao anunciados em festaliterariaportaalegre.com.br."
onde acontece a FLOR?,A FLOR - Feira Literaria do Orgulho e Resistencia e realizada em Sao Paulo (SP).
quem ja foi convidado para a FLOR?,"A FLOR - Feira Literaria do Orgulho e Resistencia ja recebeu como convidados nomes como Djamila Ribeiro, Itamar Vieira Junior e Ailton Krenak, entre outros autores brasileiros e internacionais. Os convidados de cada nova edicao sao anunciados em www.feiraflor.com.br."
tem bate-papo com autores na FLIP?,"A FLIP - Festa Literaria Internacional de Paraty costuma oferecer: bate-papos com autores, mesas de debate, lancamentos de livros, oficinas literarias e espacos para criancas. A programacao completa e divulgada em www.flip.org.br proximo ao evento."
quero saber tudo sobre a Bienal PE,"A Bienal Internacional do Livro de Pernambuco e um dos grandes festivais do livro no coracao do Nordeste, destacando autores regionais e internacionais com rica programacao cultural. Ocorre em outubro em Recife (PE) - Centro de Convencoes. Mais informacoes em www.bienaldolivrope.com.br."
quais as atividades da Bienal Rio?,"A Bienal do Rio de Janeiro costuma oferecer: bate-papos com autores, mesas de debate, lancamentos de livros, oficinas literarias e espacos para criancas. A programacao completa e divulgada em www.bienaldorio.com.br proximo ao evento."
quais as atividades da Festa Literaria POA?,"A Festa Literaria de Porto Alegre costuma oferecer: bate-papos com autores, mesas de debate, lancamentos de livros, oficinas literarias e espacos para criancas. A programacao completa e divulgada em festaliterariaportaalegre.com.br proximo ao evento."
precisa pagar para entrar na Bienal do Livro SP?,"Os precos dos ingressos da Bienal Internacional do Livro de Sao Paulo variam a cada edicao. Em geral, ha ingressos simbolicos (a partir de R$ 20,00) e costumam existir dias ou atividades de entrada gratuita. Verifique os valores atuais em www.bienaldolivro.com.br."
me diz autores que ja foram na Flipocos,"A Flipocos - Festa Literaria de Pocos de Caldas ja recebeu como convidados nomes como Conceicao Evaristo, Djamila Ribeiro e Milton Hatoum, entre outros autores brasileiros e internacionais. Os convidados de cada nova edicao sao anunciados em www.flipocos.com.br."
qual a historia da Feira Unesp?,"A Feira do Livro da Unesp e uma feira academica e literaria promovida pela Editora Unesp, com forte presenca de titulos universitarios, tecnicos e de divulgacao cientifica. Acesse www.livraria.unesp.br para mais informacoes."
qual o endereco da FLIP?,"A FLIP - Festa Literaria Internacional de Paraty acontece em: Praca da Matriz, s/n - Centro Historico, Paraty (RJ) - CEP 23970-000 (Casa da Cultura de Paraty e espacos do centro historico). Mais detalhes logisticos em www.flip.org.br."
em que cidade e a bienal do livro?,"Existem Bienais do Livro em diferentes cidades brasileiras: Sao Paulo (Pavilhao do Anhembi - Av. Olavo Fontoura, 1209), Rio de Janeiro (Riocentro - Av. Salvador Allende, 6555), Salvador/BA (Centro de Convencoes da Bahia - Av. ACM, s/n) e Recife/PE (Centro de Convencoes de Pernambuco). Qual delas voce quer conhecer?"
me da o endereco da Feira do Livro POA,"O endereco da Feira do Livro de Porto Alegre e: Praca da Alfandega, s/n - Centro Historico, Porto Alegre (RS) - CEP 90010-150. Para informacoes de transporte e estacionamento, consulte www.feiradolivro.com.br."
o que e a Festival Literario SC?,"A Festival Literario Catarinense e um dos principais festivais do Sul do Brasil, celebrando a literatura catarinense e nacional com debates, lancamentos e oficinas. Acesse www.festivalliterariosc.com.br para mais informacoes."
quero saber tudo sobre a Bienal PE,"A Bienal Internacional do Livro de Pernambuco e um dos grandes festivais do livro no coracao do Nordeste, destacando autores regionais e internacionais com rica programacao cultural. Ocorre em outubro em Recife (PE) - Centro de Convencoes. Mais informacoes em www.bienaldolivrope.com.br."
qual o preco do ingresso para a Bienal PE?,"Os precos dos ingressos da Bienal Internacional do Livro de Pernambuco variam a cada edicao. Em geral, ha ingressos simbolicos (a partir de R$ 20,00) e costumam existir dias ou atividades de entrada gratuita. Verifique os valores atuais em www.bienaldolivrope.com.br."
qual o periodo da FLIP?,"A FLIP - Festa Literaria Internacional de Paraty geralmente acontece em julho/agosto. Para as datas exatas desta edicao, consulte www.flip.org.br."
quais escritores costumam ir a Feira Unesp?,"A Feira do Livro da Unesp ja recebeu como convidados nomes como Ailton Krenak, Djamila Ribeiro e Milton Hatoum, entre outros autores brasileiros e internacionais. Os convidados de cada nova edicao sao anunciados em www.livraria.unesp.br."
o que e uma feira literaria?,"Uma feira literaria e um espaco de encontro entre leitores, autores e editoras para vender, lancar e debater livros. Podem durar dias ou semanas, com programacao cultural variada. As mais famosas no Brasil: Bienal SP, FLIP, FLIC, FLOR, Bienal Bahia, Bienal PE e Feira do Livro de Porto Alegre."
qual a importancia da Festa Literaria POA?,"A Festa Literaria de Porto Alegre e fundamental para fomentar a leitura e a cultura no Brasil, conectando autores, editoras e leitores de todo o pais. E uma experiencia enriquecedora para qualquer amante da literatura."
quais autores ja foram convidados para a Bienal do Livro SP?,"A Bienal Internacional do Livro de Sao Paulo ja recebeu como convidados nomes como Conceicao Evaristo e Djamila Ribeiro, entre outros autores. Os convidados de cada nova edicao sao anunciados em www.bienaldolivro.com.br."
tem entrada gratuita na FLIC?,"Os precos dos ingressos da FLIC - Festa Literaria de Belo Horizonte variam a cada edicao. Em geral, ha ingressos simbolicos (a partir de R$ 20,00) e costumam existir dias ou atividades de entrada gratuita. Verifique os valores atuais em www.flicbh.com.br."
quais autores ja foram convidados para a Flipocos?,"A Flipocos - Festa Literaria de Pocos de Caldas ja recebeu como convidados nomes como Djamila Ribeiro e Milton Hatoum, entre outros autores. Os convidados de cada nova edicao sao anunciados em www.flipocos.com.br."
quem sao os homenageados da Flipocos?,"A Flipocos - Festa Literaria de Pocos de Caldas ja prestou homenagem a grandes nomes da literatura, como Rubem Braga, Lygia Fagundes Telles e Guimaraes Rosa. O autor ou autora homenageado(a) de cada edicao e anunciado(a) em www.flipocos.com.br."
qual o impacto da FLOR?,"A FLOR - Feira Literaria do Orgulho e Resistencia e fundamental para fomentar a leitura e a cultura no Brasil, conectando autores, editoras e leitores de todo o pais. E uma experiencia enriquecedora para qualquer amante da literatura."
o que acontece na Bienal Bahia?,"A Bienal do Livro Bahia costuma oferecer: bate-papos com autores, mesas de debate, lancamentos de livros, oficinas literarias e espacos para criancas. A programacao completa e divulgada em www.bienaldolivrobahia.com.br proximo ao evento."
quais autores ja foram convidados para a Bienal PE?,"A Bienal Internacional do Livro de Pernambuco ja recebeu como convidados nomes como Djamila Ribeiro e Itamar Vieira Junior, entre outros autores. Os convidados de cada nova edicao sao anunciados em www.bienaldolivrope.com.br."
tem entrada gratuita na FLIP?,"Os precos dos ingressos da FLIP - Festa Literaria Internacional de Paraty variam a cada edicao. Em geral, ha ingressos simbolicos (a partir de R$ 20,00) e costumam existir dias ou atividades de entrada gratuita. Verifique os valores atuais em www.flip.org.br."
qual o impacto da Bienal do Livro SP?,"A Bienal Internacional do Livro de Sao Paulo e fundamental para fomentar a leitura e a cultura no Brasil, conectando autores, editoras e leitores de todo o pais. E uma experiencia enriquecedora para qualquer amante da literatura."
quero saber tudo sobre a Festival Literario SC,"A Festival Literario Catarinense e um dos principais festivais do Sul do Brasil, celebrando a literatura catarinense e nacional com debates, lancamentos e oficinas. Ocorre em setembro em Florianopolis (SC). Mais informacoes em www.festivalliterariosc.com.br."
o que acontece na Festa Literaria POA?,"A Festa Literaria de Porto Alegre costuma oferecer: bate-papos com autores, mesas de debate, lancamentos de livros, oficinas literarias e espacos para criancas. A programacao completa e divulgada em festaliterariaportaalegre.com.br proximo ao evento."
voce recomenda alguma feira para quem gosta de literatura infantil?,"Para quem aprecia literatura infantil, a Bienal do Livro SP costuma ter a maior variedade de titulos e lancamentos nesse estilo. A FLIP tambem tem mesas tematicas e debates sobre diferentes correntes literarias. Vale conferir a programacao antes de ir."
quais escritores costumam ir a Bienal Bahia?,"A Bienal do Livro Bahia ja recebeu como convidados nomes como Djamila Ribeiro, Milton Hatoum e Itamar Vieira Junior, entre outros autores brasileiros e internacionais. Os convidados de cada nova edicao sao anunciados em www.bienaldolivrobahia.com.br."
quais autores ja foram convidados para a Feira do Livro POA?,"A Feira do Livro de Porto Alegre ja recebeu como convidados nomes como Conceicao Evaristo, Itamar Vieira Junior e Ailton Krenak, entre outros autores brasileiros e internacionais. Os convidados de cada nova edicao sao anunciados em www.feiradolivro.com.br."
qual o impacto da Festival Literario SC?,"A Festival Literario Catarinense e fundamental para fomentar a leitura e a cultura no Brasil, conectando autores, editoras e leitores de todo o pais. E uma experiencia enriquecedora para qualquer amante da literatura."
me diz autores que ja foram na Feira do Livro POA,"A Feira do Livro de Porto Alegre ja recebeu como convidados nomes como Milton Hatoum, Ailton Krenak e Djamila Ribeiro, entre outros autores brasileiros e internacionais. Os convidados de cada nova edicao sao anunciados em www.feiradolivro.com.br."
onde exatamente fica a Festa Literaria POA?,"O endereco da Festa Literaria de Porto Alegre e: Usina do Gasometro - Av. Presidente Joao Goulart, 551 - Centro Historico, Porto Alegre (RS) - CEP 90010-310. Para informacoes de transporte e estacionamento, consulte festaliterariaportaalegre.com.br."
quero saber tudo sobre a Feira Unesp,"A Feira do Livro da Unesp e uma feira academica e literaria promovida pela Editora Unesp, com forte presenca de titulos universitarios, tecnicos e de divulgacao cientifica. Ocorre em outubro em Sao Paulo (SP) - Campus da Unesp. Mais informacoes em www.livraria.unesp.br."
onde exatamente fica a Bienal Rio?,"O endereco da Bienal do Rio de Janeiro e: Av. Salvador Allende, 6555 - Barra da Tijuca, Rio de Janeiro (RJ) - CEP 22783-127 (Riocentro, Pavilhao 3). Para informacoes de transporte e estacionamento, consulte www.bienaldorio.com.br."
quais as datas da Festival Literario Catarinense?,"A Festival Literario Catarinense geralmente acontece em setembro. Para as datas exatas desta edicao, consulte www.festivalliterariosc.com.br."
tem entrada gratuita na Bienal PE?,"Os precos dos ingressos da Bienal Internacional do Livro de Pernambuco variam a cada edicao. Em geral, ha ingressos simbolicos (a partir de R$ 20,00) e costumam existir dias ou atividades de entrada gratuita. Verifique os valores atuais em www.bienaldolivrope.com.br."
voce recomenda alguma feira para quem gosta de romance?,"Para quem aprecia romance, a Bienal do Livro SP costuma ter a maior variedade de titulos e lancamentos nesse estilo. A FLIP tambem tem mesas tematicas e debates sobre diferentes correntes literarias. Vale conferir a programacao antes de ir."
quais autores ja foram convidados para a Bienal Rio?,"A Bienal do Rio de Janeiro ja recebeu como convidados nomes como Conceicao Evaristo e Djamila Ribeiro, entre outros autores. Os convidados de cada nova edicao sao anunciados em www.bienaldorio.com.br."
salve,"Ola! Sou o ChatLitera, seu guia sobre feiras literarias brasileiras. Posso ajudar com datas, locais, programacao, ingressos e muito mais. O que voce quer saber?"
em que epoca do ano rola a Bienal Bahia?,"A Bienal do Livro Bahia geralmente acontece em outubro. Para as datas exatas desta edicao, consulte www.bienaldolivrobahia.com.br."
me fale sobre a Bienal do Livro SP,"A Bienal Internacional do Livro de Sao Paulo e um dos maiores eventos literarios da America Latina, reunindo editoras, autores e leitores do mundo inteiro. Acesse www.bienaldolivro.com.br para mais informacoes."
por que a FLIC e importante?,"A FLIC - Festa Literaria de Belo Horizonte e fundamental para fomentar a leitura e a cultura no Brasil, conectando autores, editoras e leitores de todo o pais. E uma experiencia enriquecedora para qualquer amante da literatura."
quais escritores costumam ir a FLIP?,"A FLIP - Festa Literaria Internacional de Paraty ja recebeu como convidados nomes como Djamila Ribeiro, Milton Hatoum e Ailton Krenak, entre outros autores brasileiros e internacionais. Os convidados de cada nova edicao sao anunciados em www.flip.org.br."
onde fica a Festa Literaria POA?,A Festa Literaria de Porto Alegre e realizada em Porto Alegre (RS).
vale a pena ir na Festival Literario SC?,"Com certeza! A Festival Literario Catarinense e um dos principais festivais do Sul do Brasil, celebrando a literatura catarinense e nacional com debates, lancamentos e oficinas. Confira a programacao em www.festivalliterariosc.com.br e planeje sua visita."
me da o endereco da FLIP,"O endereco da FLIP - Festa Literaria Internacional de Paraty e: Praca da Matriz, s/n - Centro Historico, Paraty (RJ) - CEP 23970-000 (Casa da Cultura de Paraty e espacos do centro historico). Para informacoes de transporte e estacionamento, consulte www.flip.org.br."
tem bate-papo com autores na FLIC?,"A FLIC - Festa Literaria de Belo Horizonte costuma oferecer: bate-papos com autores, mesas de debate, lancamentos de livros, oficinas literarias e espacos para criancas. A programacao completa e divulgada em www.flicbh.com.br proximo ao evento."
me recomende um restaurante,"Restaurantes nao sao a minha especialidade, mas feiras literarias sim! Que tal saber mais sobre algum evento literario?"
em que epoca do ano rola a Bienal PE?,"A Bienal Internacional do Livro de Pernambuco geralmente acontece em outubro. Para as datas exatas desta edicao, consulte www.bienaldolivrope.com.br."
quais eventos tem na Feira do Livro POA?,"A Feira do Livro de Porto Alegre costuma oferecer: bate-papos com autores, mesas de debate, lancamentos de livros, oficinas literarias e espacos para criancas. A programacao completa e divulgada em www.feiradolivro.com.br proximo ao evento."
ate,Ate logo! Espero ter ajudado. Continue participando das feiras literarias do Brasil!
quem foi homenageado na Bienal Rio?,"A Bienal do Rio de Janeiro ja prestou homenagem a grandes nomes da literatura, como Graciliano Ramos, Machado de Assis e Clarice Lispector. O autor ou autora homenageado(a) de cada edicao e anunciado(a) em www.bienaldorio.com.br."
o que e a Flipocos?,"A Flipocos - Festa Literaria de Pocos de Caldas e um festival literario encantador na cidade das aguas, com programacao intimista e diversificada para leitores de todas as idades. Acesse www.flipocos.com.br para mais informacoes."
a Feira Unesp e paga?,"Os precos dos ingressos da Feira do Livro da Unesp variam a cada edicao. Em geral, ha ingressos simbolicos (a partir de R$ 20,00) e costumam existir dias ou atividades de entrada gratuita. Verifique os valores atuais em www.livraria.unesp.br."
quem ja participou da FLIC?,"A FLIC - Festa Literaria de Belo Horizonte ja recebeu como convidados nomes como Ailton Krenak, Itamar Vieira Junior e Milton Hatoum, entre outros autores brasileiros e internacionais. Os convidados de cada nova edicao sao anunciados em www.flicbh.com.br."
me fala mais sobre feiras literarias,"Claro! Sobre qual aspecto voce quer saber mais?
- Datas e edicoes
- Locais e cidades
- Autores participantes
- Ingressos e precos
- Programacao e atividades"
me conta sobre a Bienal Internacional do Livro de Pernambuco,"A Bienal Internacional do Livro de Pernambuco e um dos grandes festivais do livro no coracao do Nordeste, destacando autores regionais e internacionais com rica programacao cultural. Acesse www.bienaldolivrope.com.br para mais informacoes."
quem sao os homenageados da FLIP?,"A FLIP - Festa Literaria Internacional de Paraty ja prestou homenagem a grandes nomes da literatura, como Carlos Drummond de Andrade, Cora Coralina e Guimaraes Rosa. O autor ou autora homenageado(a) de cada edicao e anunciado(a) em www.flip.org.br."
qual o impacto da FLIP?,"A FLIP - Festa Literaria Internacional de Paraty e fundamental para fomentar a leitura e a cultura no Brasil, conectando autores, editoras e leitores de todo o pais. E uma experiencia enriquecedora para qualquer amante da literatura."
qual o endereco da Bienal Internacional do Livro de Pernambuco?,"O endereco da Bienal Internacional do Livro de Pernambuco e: Centro de Convencoes de Pernambuco - Complexo Viario Via Expressa, s/n - Camaragibe (PE) - CEP 54768-000. Para informacoes de transporte e estacionamento, consulte www.bienaldolivrope.com.br."
por que a FLIP e importante?,"A FLIP - Festa Literaria Internacional de Paraty e fundamental para fomentar a leitura e a cultura no Brasil, conectando autores, editoras e leitores de todo o pais. E uma experiencia enriquecedora para qualquer amante da literatura."
quem e o homenageado da Festa Literaria POA?,"A Festa Literaria de Porto Alegre ja prestou homenagem a grandes nomes da literatura, como Moacyr Scliar, Rubem Braga e Erico Verissimo. O autor ou autora homenageado(a) de cada edicao e anunciado(a) em festaliterariaportaalegre.com.br."
obrigada,"Fico feliz em ajudar! Se tiver mais duvidas sobre feiras literarias, e so perguntar."
em que cidade e a Bienal Bahia?,A Bienal do Livro Bahia e realizada em Salvador (BA) - Centro de Convencoes.
quero saber tudo sobre a Flipocos,"A Flipocos - Festa Literaria de Pocos de Caldas e um festival literario encantador na cidade das aguas, com programacao intimista e diversificada para leitores de todas as idades. Ocorre em agosto em Pocos de Caldas (MG). Mais informacoes em www.flipocos.com.br."
qual o impacto da Bienal PE?,"A Bienal Internacional do Livro de Pernambuco e fundamental para fomentar a leitura e a cultura no Brasil, conectando autores, editoras e leitores de todo o pais. E uma experiencia enriquecedora para qualquer amante da literatura."
preciso de ajuda,"Claro! Sou especialista em feiras literarias brasileiras. Posso informar sobre datas, locais, programacao, ingressos e autores. O que deseja saber?"
quais as datas da Feira do Livro de Porto Alegre?,"A Feira do Livro de Porto Alegre geralmente acontece em outubro/novembro. Para as datas exatas desta edicao, consulte www.feiradolivro.com.br."
ate mais,Ate logo! Espero ter ajudado. Continue participando das feiras literarias do Brasil!
onde e realizada a Festa Literaria de Porto Alegre?,A Festa Literaria de Porto Alegre e realizada em Porto Alegre (RS).
o que tem na Feira Unesp?,"A Feira do Livro da Unesp costuma oferecer: bate-papos com autores, mesas de debate, lancamentos de livros, oficinas literarias e espacos para criancas. A programacao completa e divulgada em www.livraria.unesp.br proximo ao evento."
vale a pena ir na Flipocos?,"A Flipocos - Festa Literaria de Pocos de Caldas e fundamental para fomentar a leitura e a cultura no Brasil, conectando autores, editoras e leitores de todo o pais. E uma experiencia enriquecedora para qualquer amante da literatura."
vale a pena ir na Feira Unesp?,"A Feira do Livro da Unesp e fundamental para fomentar a leitura e a cultura no Brasil, conectando autores, editoras e leitores de todo o pais. E uma experiencia enriquecedora para qualquer amante da literatura."
quais as datas da Feira do Livro da Unesp?,"A Feira do Livro da Unesp geralmente acontece em outubro. Para as datas exatas desta edicao, consulte www.livraria.unesp.br."
fala sobre a Feira Unesp,"A Feira do Livro da Unesp e uma feira academica e literaria promovida pela Editora Unesp, com forte presenca de titulos universitarios, tecnicos e de divulgacao cientifica. Acesse www.livraria.unesp.br para mais informacoes."
quem ja foi homenageado na Bienal do Livro do Rio?,"A Bienal do Rio de Janeiro ja prestou homenagem a autores como Machado de Assis, Clarice Lispector e Graciliano Ramos. O homenageado de cada edicao e anunciado em www.bienaldorio.com.br."
qual a programacao da Feira do Livro POA?,"A Feira do Livro de Porto Alegre costuma oferecer: bate-papos com autores, mesas de debate, lancamentos de livros, oficinas literarias e espacos para criancas. A programacao completa e divulgada em www.feiradolivro.com.br proximo ao evento."
quais autores participam da FLIP - Festa Literaria Internacional de Paraty?,"A FLIP - Festa Literaria Internacional de Paraty ja recebeu como convidados nomes como Conceicao Evaristo, Milton Hatoum e Lygia Fagundes Telles, entre outros autores brasileiros e internacionais. Os convidados de cada nova edicao sao anunciados em www.flip.org.br."
em que rua fica a FLIC?,"O endereco da FLIC - Festa Literaria de Belo Horizonte e: Praca da Liberdade, s/n - Funcionarios, Belo Horizonte (MG) - CEP 30140-010 (Circuito Liberdade). Para informacoes de transporte e estacionamento, consulte www.flicbh.com.br."
qual o endereco da Bienal do Livro SP?,"O endereco da Bienal Internacional do Livro de Sao Paulo e: Av. Olavo Fontoura, 1209 - Santana, Sao Paulo (SP) - CEP 02012-021 (Pavilhao do Anhembi). Para informacoes de transporte e estacionamento, consulte www.bienaldolivro.com.br."
tem oficinas na FLOR?,"A FLOR - Feira Literaria do Orgulho e Resistencia costuma oferecer: bate-papos com autores, mesas de debate, lancamentos de livros, oficinas literarias e espacos para criancas. A programacao completa e divulgada em www.feiraflor.com.br proximo ao evento."
quais escritores foram homenageados pela Bienal Rio?,"A Bienal do Rio de Janeiro ja prestou homenagem a grandes nomes da literatura, como Graciliano Ramos, Machado de Assis e Clarice Lispector. O autor ou autora homenageado(a) de cada edicao e anunciado(a) em www.bienaldorio.com.br."
quais autores ja foram convidados para a FLOR?,"A FLOR - Feira Literaria do Orgulho e Resistencia ja recebeu como convidados nomes como Djamila Ribeiro, Itamar Vieira Junior e Ailton Krenak, entre outros autores brasileiros e internacionais. Os convidados de cada nova edicao sao anunciados em www.feiraflor.com.br."
qual a cidade da Feira do Livro POA?,A Feira do Livro de Porto Alegre e realizada em Porto Alegre (RS) - Praca da Alfandega.
onde exatamente fica a FLIP?,"O endereco da FLIP - Festa Literaria Internacional de Paraty e: Praca da Matriz, s/n - Centro Historico, Paraty (RJ) - CEP 23970-000 (Casa da Cultura de Paraty e espacos do centro historico). Para informacoes de transporte e estacionamento, consulte www.flip.org.br."
por que devo ir a Feira Unesp?,"A Feira do Livro da Unesp e fundamental para fomentar a leitura e a cultura no Brasil, conectando autores, editoras e leitores de todo o pais. E uma experiencia enriquecedora para qualquer amante da literatura."
valeu,"Fico feliz em ajudar! Se tiver mais duvidas sobre feiras literarias, e so perguntar."
quando ocorre a Feira do Livro de Porto Alegre?,"A Feira do Livro de Porto Alegre geralmente acontece em outubro/novembro. Para as datas exatas desta edicao, consulte www.feiradolivro.com.br."
qual o endereco da Feira Unesp?,"A Feira do Livro da Unesp acontece em: Rua Quirino de Andrade, 215 - Centro, Sao Paulo (SP) - CEP 01049-010 (Editora Unesp / Livraria da Unesp). Mais detalhes logisticos em www.livraria.unesp.br."
o que tem na FLIP?,"A FLIP - Festa Literaria Internacional de Paraty costuma oferecer: bate-papos com autores, mesas de debate, lancamentos de livros, oficinas literarias e espacos para criancas. A programacao completa e divulgada em www.flip.org.br proximo ao evento."
onde acontece a Flipocos?,A Flipocos - Festa Literaria de Pocos de Caldas e realizada em Pocos de Caldas (MG).
fala sobre a Feira do Livro POA,"A Feira do Livro de Porto Alegre e a mais antiga feira literaria do Brasil, realizada ao ar livre na iconica Praca da Alfandega desde 1955. Acesse www.feiradolivro.com.br para mais informacoes."
me conta sobre a FLOR - Feira Literaria do Orgulho e Resistencia,"A FLOR - Feira Literaria do Orgulho e Resistencia e uma feira literaria dedicada a vozes LGBTQIA+, perifericas e de resistencia, celebrando a diversidade e o poder transformador da literatura. Acesse www.feiraflor.com.br para mais informacoes."
qual o endereco da FLOR?,"O endereco da FLOR - Feira Literaria do Orgulho e Resistencia e: Largo do Arouche, s/n - Republica, Sao Paulo (SP) - CEP 01219-010 (Largo do Arouche e adjacencias). Para informacoes de transporte e estacionamento, consulte www.feiraflor.com.br."
qual o endereco da Bienal PE?,"A Bienal Internacional do Livro de Pernambuco acontece em: Centro de Convencoes de Pernambuco - Complexo Viario Via Expressa, s/n - Camaragibe (PE) - CEP 54768-000. Mais detalhes logisticos em www.bienaldolivrope.com.br."
vale a pena ir na Flipocos?,"Com certeza! A Flipocos - Festa Literaria de Pocos de Caldas e um festival literario encantador na cidade das aguas, com programacao intimista e diversificada para leitores de todas as idades. Confira a programacao em www.flipocos.com.br e planeje sua visita."
quais escritores ja estiveram na Feira Unesp?,"A Feira do Livro da Unesp ja recebeu como convidados nomes como Conceicao Evaristo, Djamila Ribeiro e Milton Hatoum, entre outros autores brasileiros e internacionais. Os convidados de cada nova edicao sao anunciados em www.livraria.unesp.br."
quero saber tudo sobre a Bienal Rio,"A Bienal do Rio de Janeiro e um dos eventos mais aguardados do Rio, com lancamentos exclusivos e encontros com grandes autores brasileiros e internacionais. Ocorre em setembro em Rio de Janeiro (RJ) - Riocentro. Mais informacoes em www.bienaldorio.com.br."
qual o endereco da Festival Literario Catarinense?,"O endereco da Festival Literario Catarinense e: Centro Integrado de Cultura - Av. Irineu Bornhausen, 5600 - Agronomica, Florianopolis (SC) - CEP 88034-100 (CIC Florianopolis). Para informacoes de transporte e estacionamento, consulte www.festivalliterariosc.com.br."
tem feira literaria no nordeste?,Sim! O Nordeste tem eventos literarios de peso: a Bienal do Livro Bahia (Salvador) e a Bienal Internacional do Livro de Pernambuco (Recife) sao os maiores. A cena literaria nordestina e rica e crescente.
tem oficinas na Bienal do Livro SP?,"A Bienal Internacional do Livro de Sao Paulo costuma oferecer: bate-papos com autores, mesas de debate, lancamentos de livros, oficinas literarias e espacos para criancas. A programacao completa e divulgada em www.bienaldolivro.com.br proximo ao evento."
qual o endereco da Feira Unesp?,"A Feira do Livro da Unesp acontece em: Rua Quirino de Andrade, 215 - Centro, Sao Paulo (SP) - CEP 01049-010 (Editora Unesp / Livraria da Unesp). Mais detalhes logisticos em www.livraria.unesp.br."
precisa pagar para entrar na FLIC?,"Os precos dos ingressos da FLIC - Festa Literaria de Belo Horizonte variam a cada edicao. Em geral, ha ingressos simbolicos (a partir de R$ 20,00) e costumam existir dias ou atividades de entrada gratuita. Verifique os valores atuais em www.flicbh.com.br."
onde exatamente fica a Flipocos?,"O endereco da Flipocos - Festa Literaria de Pocos de Caldas e: Thermas Antonio Carlos - Av. Francisco Salles, 544 - Centro, Pocos de Caldas (MG) - CEP 37701-366. Para informacoes de transporte e estacionamento, consulte www.flipocos.com.br."
quais eventos tem na Bienal PE?,"A Bienal Internacional do Livro de Pernambuco costuma oferecer: bate-papos com autores, mesas de debate, lancamentos de livros, oficinas literarias e espacos para criancas. A programacao completa e divulgada em www.bienaldolivrope.com.br proximo ao evento."
quais autores ja foram convidados para a FLIP?,"A FLIP - Festa Literaria Internacional de Paraty ja recebeu como convidados nomes como Conceicao Evaristo, Itamar Vieira Junior e Ailton Krenak, entre outros autores brasileiros e internacionais. Os convidados de cada nova edicao sao anunciados em www.flip.org.br."
qual feira tem melhor programacao musical?,A FLIP de Paraty e famosa por combinar literatura com shows musicais e o charme da cidade historica. E uma mistura de cultura que vai alem dos livros.
qual a importancia da Feira do Livro POA?,"A Feira do Livro de Porto Alegre e fundamental para fomentar a leitura e a cultura no Brasil, conectando autores, editoras e leitores de todo o pais. E uma experiencia enriquecedora para qualquer amante da literatura."
qual a programacao da Festival Literario SC?,"A Festival Literario Catarinense costuma oferecer: bate-papos com autores, mesas de debate, lancamentos de livros, oficinas literarias e espacos para criancas. A programacao completa e divulgada em www.festivalliterariosc.com.br proximo ao evento."
quais escritores ja estiveram na FLIP?,"A FLIP - Festa Literaria Internacional de Paraty ja recebeu como convidados nomes como Itamar Vieira Junior, Conceicao Evaristo e Djamila Ribeiro, entre outros autores brasileiros e internacionais. Os convidados de cada nova edicao sao anunciados em www.flip.org.br."
quero saber tudo sobre a FLOR,"A FLOR - Feira Literaria do Orgulho e Resistencia e uma feira literaria dedicada a vozes LGBTQIA+, perifericas e de resistencia, celebrando a diversidade e o poder transformador da literatura. Ocorre em junho em Sao Paulo (SP). Mais informacoes em www.feiraflor.com.br."
tem como me informar sobre a FLIC?,"Claro! A FLIC - Festa Literaria de Belo Horizonte acontece em junho, em Belo Horizonte (MG). Para mais detalhes, acesse www.flicbh.com.br."
o que e bienal do livro?,"A Bienal do Livro e um grande festival cultural e literario que reune editoras, livrarias, autores e leitores para celebrar a leitura. No Brasil temos varias: Bienal de Sao Paulo, Bienal do Rio de Janeiro, Bienal Bahia (Salvador) e Bienal de Pernambuco (Recife). Sobre qual delas voce gostaria de saber mais?"
quais eventos tem na Bienal Rio?,"A Bienal do Rio de Janeiro costuma oferecer: bate-papos com autores, mesas de debate, lancamentos de livros, oficinas literarias e espacos para criancas. A programacao completa e divulgada em www.bienaldorio.com.br proximo ao evento."
onde fica a Flipocos?,A Flipocos - Festa Literaria de Pocos de Caldas e realizada em Pocos de Caldas (MG).
tem bate-papo com autores na Bienal Bahia?,"A Bienal do Livro Bahia costuma oferecer: bate-papos com autores, mesas de debate, lancamentos de livros, oficinas literarias e espacos para criancas. A programacao completa e divulgada em www.bienaldolivrobahia.com.br proximo ao evento."
qual o preco do ingresso para a Feira Unesp?,"Os precos dos ingressos da Feira do Livro da Unesp variam a cada edicao. Em geral, ha ingressos simbolicos (a partir de R$ 20,00) e costumam existir dias ou atividades de entrada gratuita. Verifique os valores atuais em www.livraria.unesp.br."
quem e o homenageado da Bienal do Livro SP?,"A Bienal Internacional do Livro de Sao Paulo ja prestou homenagem a grandes nomes da literatura, como Ariano Suassuna, Jorge Amado e Clarice Lispector. O autor ou autora homenageado(a) de cada edicao e anunciado(a) em www.bienaldolivro.com.br."
quais escritores costumam ir a FLIC?,"A FLIC - Festa Literaria de Belo Horizonte ja recebeu como convidados nomes como Milton Hatoum, Djamila Ribeiro e Itamar Vieira Junior, entre outros autores brasileiros e internacionais. Os convidados de cada nova edicao sao anunciados em www.flicbh.com.br."
quando e a FLOR?,"A FLOR - Feira Literaria do Orgulho e Resistencia geralmente acontece em junho. Para as datas exatas desta edicao, consulte www.feiraflor.com.br."
qual a historia da Bienal PE?,"A Bienal Internacional do Livro de Pernambuco e um dos grandes festivais do livro no coracao do Nordeste, destacando autores regionais e internacionais com rica programacao cultural. Acesse www.bienaldolivrope.com.br para mais informacoes."
quando vai ser a bienal do livro?,"Temos varias Bienais do Livro no Brasil, cada uma com seu calendario proprio: Sao Paulo (julho), Rio de Janeiro (setembro), Bahia (outubro) e Pernambuco (outubro). Sobre qual delas voce quer saber a data exata?"
quais autores ja foram convidados para a Bienal Rio?,"A Bienal do Rio de Janeiro ja recebeu como convidados nomes como Conceicao Evaristo e Lygia Fagundes Telles, entre outros autores. Os convidados de cada nova edicao sao anunciados em www.bienaldorio.com.br."
qual o endereco da Bienal do Livro Bahia?,"O endereco da Bienal do Livro Bahia e: Centro de Convencoes da Bahia - Av. Antonio Carlos Magalhaes, s/n - Stiep, Salvador (BA) - CEP 41770-019. Para informacoes de transporte e estacionamento, consulte www.bienaldolivrobahia.com.br."
a Bienal do Livro SP ja homenageou quais autores?,"A Bienal Internacional do Livro de Sao Paulo ja prestou homenagem a grandes nomes da literatura, como Clarice Lispector, Jorge Amado e Ariano Suassuna. O autor ou autora homenageado(a) de cada edicao e anunciado(a) em www.bienaldolivro.com.br."
vale a pena ir na Festa Literaria POA?,"A Festa Literaria de Porto Alegre e fundamental para fomentar a leitura e a cultura no Brasil, conectando autores, editoras e leitores de todo o pais. E uma experiencia enriquecedora para qualquer amante da literatura."
tem bate-papo com autores na Bienal Rio?,"A Bienal do Rio de Janeiro costuma oferecer: bate-papos com autores, mesas de debate, lancamentos de livros, oficinas literarias e espacos para criancas. A programacao completa e divulgada em www.bienaldorio.com.br proximo ao evento."
por que a Bienal Rio e importante?,"A Bienal do Rio de Janeiro e fundamental para fomentar a leitura e a cultura no Brasil, conectando autores, editoras e leitores de todo o pais. E uma experiencia enriquecedora para qualquer amante da literatura."
por que a Feira do Livro POA e importante?,"A Feira do Livro de Porto Alegre e fundamental para fomentar a leitura e a cultura no Brasil, conectando autores, editoras e leitores de todo o pais. E uma experiencia enriquecedora para qualquer amante da literatura."
a Festa Literaria POA e em qual cidade?,A Festa Literaria de Porto Alegre e realizada em Porto Alegre (RS).
tem entrada gratuita na FLOR?,"Os precos dos ingressos da FLOR - Feira Literaria do Orgulho e Resistencia variam a cada edicao. Em geral, ha ingressos simbolicos (a partir de R$ 20,00) e costumam existir dias ou atividades de entrada gratuita. Verifique os valores atuais em www.feiraflor.com.br."
quem recebeu homenagem na Flipocos - Festa Literaria de Pocos de Caldas?,"A Flipocos - Festa Literaria de Pocos de Caldas ja prestou homenagem a grandes nomes da literatura, como Rubem Braga, Lygia Fagundes Telles e Guimaraes Rosa. O autor ou autora homenageado(a) de cada edicao e anunciado(a) em www.flipocos.com.br."
vale a pena ir na Bienal do Livro SP?,"A Bienal Internacional do Livro de Sao Paulo e fundamental para fomentar a leitura e a cultura no Brasil, conectando autores, editoras e leitores de todo o pais. E uma experiencia enriquecedora para qualquer amante da literatura."
quanto custa o ingresso da Festival Literario SC?,"Os precos dos ingressos da Festival Literario Catarinense variam a cada edicao. Em geral, ha ingressos simbolicos (a partir de R$ 20,00) e costumam existir dias ou atividades de entrada gratuita. Verifique os valores atuais em www.festivalliterariosc.com.br."
quem recebeu homenagem na Bienal Internacional do Livro de Pernambuco?,"A Bienal Internacional do Livro de Pernambuco ja prestou homenagem a grandes nomes da literatura, como Ariano Suassuna, Joao Cabral de Melo Neto e Clarice Lispector. O autor ou autora homenageado(a) de cada edicao e anunciado(a) em www.bienaldolivrope.com.br."
me da o endereco da Flipocos,"O endereco da Flipocos - Festa Literaria de Pocos de Caldas e: Thermas Antonio Carlos - Av. Francisco Salles, 544 - Centro, Pocos de Caldas (MG) - CEP 37701-366. Para informacoes de transporte e estacionamento, consulte www.flipocos.com.br."
quais autores participam da FLOR - Feira Literaria do Orgulho e Resistencia?,"A FLOR - Feira Literaria do Orgulho e Resistencia ja recebeu como convidados nomes como Djamila Ribeiro, Itamar Vieira Junior e Ailton Krenak, entre outros autores brasileiros e internacionais. Os convidados de cada nova edicao sao anunciados em www.feiraflor.com.br."
quem e o homenageado da Feira do Livro POA?,"A Feira do Livro de Porto Alegre ja prestou homenagem a grandes nomes da literatura, como Lya Luft, Erico Verissimo e Moacyr Scliar. O autor ou autora homenageado(a) de cada edicao e anunciado(a) em www.feiradolivro.com.br."
como chegar na Bienal do Livro SP?,"O endereco da Bienal Internacional do Livro de Sao Paulo e: Av. Olavo Fontoura, 1209 - Santana, Sao Paulo (SP) - CEP 02012-021 (Pavilhao do Anhembi). Para informacoes de transporte e estacionamento, consulte www.bienaldolivro.com.br."
quando e a FLIP?,"A FLIP - Festa Literaria Internacional de Paraty geralmente acontece em julho/agosto. Para as datas exatas desta edicao, consulte www.flip.org.br."
qual a data da bienal do livro?,"Temos varias Bienais do Livro no Brasil, cada uma com seu calendario proprio: Sao Paulo (julho), Rio de Janeiro (setembro), Bahia (outubro) e Pernambuco (outubro). Sobre qual delas voce quer saber a data exata?"
tem oficinas na Bienal Bahia?,"A Bienal do Livro Bahia costuma oferecer: bate-papos com autores, mesas de debate, lancamentos de livros, oficinas literarias e espacos para criancas. A programacao completa e divulgada em www.bienaldolivrobahia.com.br proximo ao evento."
quem sao os homenageados da Festa Literaria POA?,"A Festa Literaria de Porto Alegre ja prestou homenagem a grandes nomes da literatura, como Rubem Braga, Erico Verissimo e Moacyr Scliar. O autor ou autora homenageado(a) de cada edicao e anunciado(a) em festaliterariaportaalegre.com.br."
qual o impacto da Bienal Rio?,"A Bienal do Rio de Janeiro e fundamental para fomentar a leitura e a cultura no Brasil, conectando autores, editoras e leitores de todo o pais. E uma experiencia enriquecedora para qualquer amante da literatura."
quais autores ja foram convidados para a Bienal PE?,"A Bienal Internacional do Livro de Pernambuco ja recebeu como convidados nomes como Itamar Vieira Junior, Djamila Ribeiro e Conceicao Evaristo, entre outros autores brasileiros e internacionais. Os convidados de cada nova edicao sao anunciados em www.bienaldolivrope.com.br."
me da o endereco da Bienal PE,"O endereco da Bienal Internacional do Livro de Pernambuco e: Centro de Convencoes de Pernambuco - Complexo Viario Via Expressa, s/n - Camaragibe (PE) - CEP 54768-000. Para informacoes de transporte e estacionamento, consulte www.bienaldolivrope.com.br."
quais autores ja foram convidados para a Festa Literaria POA?,"A Festa Literaria de Porto Alegre ja recebeu como convidados nomes como Milton Hatoum, Conceicao Evaristo e Djamila Ribeiro, entre outros autores brasileiros e internacionais. Os convidados de cada nova edicao sao anunciados em festaliterariaportaalegre.com.br."
onde e realizada a Bienal Internacional do Livro de Sao Paulo?,A Bienal Internacional do Livro de Sao Paulo e realizada em Sao Paulo (SP) - Pavilhao do Anhembi.
onde fica a Bienal do Livro de Sao Paulo?,"A Bienal Internacional do Livro de Sao Paulo acontece em Sao Paulo (SP) - Pavilhao do Anhembi. Endereco: Av. Olavo Fontoura, 1209 - Santana, Sao Paulo (SP) - CEP 02012-021 (Pavilhao do Anhembi)."
quanto custa o ingresso da Festa Literaria POA?,"Os precos dos ingressos da Festa Literaria de Porto Alegre variam a cada edicao. Em geral, ha ingressos simbolicos (a partir de R$ 20,00) e costumam existir dias ou atividades de entrada gratuita. Verifique os valores atuais em festaliterariaportaalegre.com.br."
me conta sobre a Bienal Internacional do Livro de Sao Paulo,"A Bienal Internacional do Livro de Sao Paulo e um dos maiores eventos literarios da America Latina, reunindo editoras, autores e leitores do mundo inteiro. Acesse www.bienaldolivro.com.br para mais informacoes."
quais escritores ja estiveram na Feira do Livro POA?,"A Feira do Livro de Porto Alegre ja recebeu como convidados nomes como Milton Hatoum, Ailton Krenak e Conceicao Evaristo, entre outros autores brasileiros e internacionais. Os convidados de cada nova edicao sao anunciados em www.feiradolivro.com.br."
me diz autores que ja foram na Feira Unesp,"A Feira do Livro da Unesp ja recebeu como convidados nomes como Milton Hatoum, Conceicao Evaristo e Djamila Ribeiro, entre outros autores brasileiros e internacionais. Os convidados de cada nova edicao sao anunciados em www.livraria.unesp.br."
quem sao os homenageados da Feira Unesp?,"A Feira do Livro da Unesp ja prestou homenagem a grandes nomes da literatura, como Florestan Fernandes, Paulo Freire e Mario de Andrade. O autor ou autora homenageado(a) de cada edicao e anunciado(a) em www.livraria.unesp.br."
opa,"Ola! Sou o ChatLitera, seu guia sobre feiras literarias brasileiras. Posso ajudar com datas, locais, programacao, ingressos e muito mais. O que voce quer saber?"
qual o endereco completo da Feira Unesp?,"O endereco da Feira do Livro da Unesp e: Rua Quirino de Andrade, 215 - Centro, Sao Paulo (SP) - CEP 01049-010 (Editora Unesp / Livraria da Unesp). Para informacoes de transporte e estacionamento, consulte www.livraria.unesp.br."
qual a cidade da FLIC?,A FLIC - Festa Literaria de Belo Horizonte e realizada em Belo Horizonte (MG).
quanto custa o ingresso da Bienal Rio?,"Os precos dos ingressos da Bienal do Rio de Janeiro variam a cada edicao. Em geral, ha ingressos simbolicos (a partir de R$ 20,00) e costumam existir dias ou atividades de entrada gratuita. Verifique os valores atuais em www.bienaldorio.com.br."
me da o endereco da FLOR,"O endereco da FLOR - Feira Literaria do Orgulho e Resistencia e: Largo do Arouche, s/n - Republica, Sao Paulo (SP) - CEP 01219-010 (Largo do Arouche e adjacencias). Para informacoes de transporte e estacionamento, consulte www.feiraflor.com.br."
quero saber tudo sobre a Feira do Livro POA,"A Feira do Livro de Porto Alegre e a mais antiga feira literaria do Brasil, realizada ao ar livre na iconica Praca da Alfandega desde 1955. Ocorre em outubro/novembro em Porto Alegre (RS) - Praca da Alfandega. Mais informacoes em www.feiradolivro.com.br."
qual o endereco da FLIC?,"A FLIC - Festa Literaria de Belo Horizonte acontece em: Praca da Liberdade, s/n - Funcionarios, Belo Horizonte (MG) - CEP 30140-010 (Circuito Liberdade). Mais detalhes logisticos em www.flicbh.com.br."
qual o impacto da Festa Literaria POA?,"A Festa Literaria de Porto Alegre e fundamental para fomentar a leitura e a cultura no Brasil, conectando autores, editoras e leitores de todo o pais. E uma experiencia enriquecedora para qualquer amante da literatura."
qual a historia da Bienal do Livro SP?,"A Bienal Internacional do Livro de Sao Paulo e um dos maiores eventos literarios da America Latina, reunindo editoras, autores e leitores do mundo inteiro. Acesse www.bienaldolivro.com.br para mais informacoes."
me diz autores que ja foram na Bienal do Livro SP,"A Bienal Internacional do Livro de Sao Paulo ja recebeu como convidados nomes como Milton Hatoum, Djamila Ribeiro e Ailton Krenak, entre outros autores brasileiros e internacionais. Os convidados de cada nova edicao sao anunciados em www.bienaldolivro.com.br."
quem ja participou da Feira do Livro POA?,"A Feira do Livro de Porto Alegre ja recebeu como convidados nomes como Milton Hatoum, Djamila Ribeiro e Itamar Vieira Junior, entre outros autores brasileiros e internacionais. Os convidados de cada nova edicao sao anunciados em www.feiradolivro.com.br."
em que rua fica a Flipocos?,"O endereco da Flipocos - Festa Literaria de Pocos de Caldas e: Thermas Antonio Carlos - Av. Francisco Salles, 544 - Centro, Pocos de Caldas (MG) - CEP 37701-366. Para informacoes de transporte e estacionamento, consulte www.flipocos.com.br."
vale a pena ir na Bienal do Livro SP?,"Com certeza! A Bienal Internacional do Livro de Sao Paulo e um dos maiores eventos literarios da America Latina, reunindo editoras, autores e leitores do mundo inteiro. Confira a programacao em www.bienaldolivro.com.br e planeje sua visita."
qual o preco do ingresso para a Flipocos?,"Os precos dos ingressos da Flipocos - Festa Literaria de Pocos de Caldas variam a cada edicao. Em geral, ha ingressos simbolicos (a partir de R$ 20,00) e costumam existir dias ou atividades de entrada gratuita. Verifique os valores atuais em www.flipocos.com.br."
voce recomenda alguma feira para quem gosta de poesia?,"Para quem aprecia poesia, a Bienal do Livro SP costuma ter a maior variedade de titulos e lancamentos nesse estilo. A FLIP tambem tem mesas tematicas e debates sobre diferentes correntes literarias. Vale conferir a programacao antes de ir."
onde e realizada a Feira do Livro da Unesp?,A Feira do Livro da Unesp e realizada em Sao Paulo (SP) - Campus da Unesp.
qual o periodo da Bienal Rio?,"A Bienal do Rio de Janeiro geralmente acontece em setembro. Para as datas exatas desta edicao, consulte www.bienaldorio.com.br."
tem bate-papo com autores na Festival Literario SC?,"A Festival Literario Catarinense costuma oferecer: bate-papos com autores, mesas de debate, lancamentos de livros, oficinas literarias e espacos para criancas. A programacao completa e divulgada em www.festivalliterariosc.com.br proximo ao evento."
qual o endereco da Feira do Livro POA?,"A Feira do Livro de Porto Alegre acontece em: Praca da Alfandega, s/n - Centro Historico, Porto Alegre (RS) - CEP 90010-150. Mais detalhes logisticos em www.feiradolivro.com.br."
como chegar na FLIP?,"O endereco da FLIP - Festa Literaria Internacional de Paraty e: Praca da Matriz, s/n - Centro Historico, Paraty (RJ) - CEP 23970-000 (Casa da Cultura de Paraty e espacos do centro historico). Para informacoes de transporte e estacionamento, consulte www.flip.org.br."
o que e a Bienal Bahia?,"A Bienal do Livro Bahia e um dos maiores eventos literarios do Nordeste, reunindo autores, editoras e leitores em Salvador com forte identidade cultural baiana. Acesse www.bienaldolivrobahia.com.br para mais informacoes."
em que rua fica a Festival Literario SC?,"O endereco da Festival Literario Catarinense e: Centro Integrado de Cultura - Av. Irineu Bornhausen, 5600 - Agronomica, Florianopolis (SC) - CEP 88034-100 (CIC Florianopolis). Para informacoes de transporte e estacionamento, consulte www.festivalliterariosc.com.br."
tem como me informar sobre a FLOR?,"Claro! A FLOR - Feira Literaria do Orgulho e Resistencia acontece em junho, em Sao Paulo (SP). Para mais detalhes, acesse www.feiraflor.com.br."
quando vai ser a FLIC esse ano?,"A FLIC - Festa Literaria de Belo Horizonte geralmente acontece em junho. Para as datas exatas desta edicao, consulte www.flicbh.com.br."
quais autores participam da Bienal Internacional do Livro de Pernambuco?,"A Bienal Internacional do Livro de Pernambuco ja recebeu como convidados nomes como Itamar Vieira Junior, Conceicao Evaristo e Djamila Ribeiro, entre outros autores brasileiros e internacionais. Os convidados de cada nova edicao sao anunciados em www.bienaldolivrope.com.br."
qual a data da FLOR?,"A FLOR - Feira Literaria do Orgulho e Resistencia geralmente acontece em junho. Para as datas exatas desta edicao, consulte www.feiraflor.com.br."
quem foi homenageado na Flipocos?,"A Flipocos - Festa Literaria de Pocos de Caldas ja prestou homenagem a grandes nomes da literatura, como Rubem Braga, Guimaraes Rosa e Lygia Fagundes Telles. O autor ou autora homenageado(a) de cada edicao e anunciado(a) em www.flipocos.com.br."
qual a data da Bienal Rio?,"A Bienal do Rio de Janeiro geralmente acontece em setembro. Para as datas exatas desta edicao, consulte www.bienaldorio.com.br."
quais escritores foram homenageados pela Flipocos?,"A Flipocos - Festa Literaria de Pocos de Caldas ja prestou homenagem a grandes nomes da literatura, como Rubem Braga, Lygia Fagundes Telles e Guimaraes Rosa. O autor ou autora homenageado(a) de cada edicao e anunciado(a) em www.flipocos.com.br."
onde acontece a bienal do livro?,"Existem Bienais do Livro em diferentes cidades brasileiras: Sao Paulo (Pavilhao do Anhembi - Av. Olavo Fontoura, 1209), Rio de Janeiro (Riocentro - Av. Salvador Allende, 6555), Salvador/BA (Centro de Convencoes da Bahia - Av. ACM, s/n) e Recife/PE (Centro de Convencoes de Pernambuco). Qual delas voce quer conhecer?"
quais autores ja foram convidados para a FLIC?,"A FLIC - Festa Literaria de Belo Horizonte ja recebeu como convidados nomes como Ailton Krenak e Djamila Ribeiro, entre outros autores. Os convidados de cada nova edicao sao anunciados em www.flicbh.com.br."
a FLIC - Festa Literaria de Belo Horizonte cobra entrada?,"Os precos dos ingressos da FLIC - Festa Literaria de Belo Horizonte variam a cada edicao. Em geral, ha ingressos simbolicos (a partir de R$ 20,00) e costumam existir dias ou atividades de entrada gratuita. Verifique os valores atuais em www.flicbh.com.br."
vale a pena ir na Bienal PE?,"A Bienal Internacional do Livro de Pernambuco e fundamental para fomentar a leitura e a cultura no Brasil, conectando autores, editoras e leitores de todo o pais. E uma experiencia enriquecedora para qualquer amante da literatura."
em que mes acontece a bienal do livro?,"Temos varias Bienais do Livro no Brasil, cada uma com seu calendario proprio: Sao Paulo (julho), Rio de Janeiro (setembro), Bahia (outubro) e Pernambuco (outubro). Sobre qual delas voce quer saber a data exata?"
quem sao os homenageados da FLIC?,"A FLIC - Festa Literaria de Belo Horizonte ja prestou homenagem a grandes nomes da literatura, como Guimaraes Rosa, Conceicao Evaristo e Drummond de Andrade. O autor ou autora homenageado(a) de cada edicao e anunciado(a) em www.flicbh.com.br."
quais autores participam da Bienal do Rio de Janeiro?,"A Bienal do Rio de Janeiro ja recebeu como convidados nomes como Djamila Ribeiro, Lygia Fagundes Telles e Conceicao Evaristo, entre outros autores brasileiros e internacionais. Os convidados de cada nova edicao sao anunciados em www.bienaldorio.com.br."
quando vai ser a FLIP esse ano?,"A FLIP - Festa Literaria Internacional de Paraty geralmente acontece em julho/agosto. Para as datas exatas desta edicao, consulte www.flip.org.br."
quais autores ja foram convidados para a FLIP?,"A FLIP - Festa Literaria Internacional de Paraty ja recebeu como convidados nomes como Lygia Fagundes Telles e Milton Hatoum, entre outros autores. Os convidados de cada nova edicao sao anunciados em www.flip.org.br."
quando e a Bienal Bahia?,"A Bienal do Livro Bahia geralmente acontece em outubro. Para as datas exatas desta edicao, consulte www.bienaldolivrobahia.com.br."
onde fica a Bienal do Livro SP?,A Bienal Internacional do Livro de Sao Paulo e realizada em Sao Paulo (SP) - Pavilhao do Anhembi.
quando vai ser a Bienal Rio esse ano?,"A Bienal do Rio de Janeiro geralmente acontece em setembro. Para as datas exatas desta edicao, consulte www.bienaldorio.com.br."
tem como me informar sobre a Bienal Bahia?,"Claro! A Bienal do Livro Bahia acontece em outubro, em Salvador (BA) - Centro de Convencoes. Para mais detalhes, acesse www.bienaldolivrobahia.com.br."
quem foi homenageado na Bienal PE?,"A Bienal Internacional do Livro de Pernambuco ja prestou homenagem a grandes nomes da literatura, como Clarice Lispector, Joao Cabral de Melo Neto e Ariano Suassuna. O autor ou autora homenageado(a) de cada edicao e anunciado(a) em www.bienaldolivrope.com.br."
voce recomenda alguma feira para quem gosta de conto?,"Para quem aprecia conto, a Bienal do Livro SP costuma ter a maior variedade de titulos e lancamentos nesse estilo. A FLIP tambem tem mesas tematicas e debates sobre diferentes correntes literarias. Vale conferir a programacao antes de ir."
quanto e o ticket da Bienal PE?,"Os precos dos ingressos da Bienal Internacional do Livro de Pernambuco variam a cada edicao. Em geral, ha ingressos simbolicos (a partir de R$ 20,00) e costumam existir dias ou atividades de entrada gratuita. Verifique os valores atuais em www.bienaldolivrope.com.br."
quem sao os homenageados da Bienal Bahia?,"A Bienal do Livro Bahia ja prestou homenagem a grandes nomes da literatura, como Ariano Suassuna, Jorge Amado e Conceicao Evaristo. O autor ou autora homenageado(a) de cada edicao e anunciado(a) em www.bienaldolivrobahia.com.br."
a Bienal PE e paga?,"Os precos dos ingressos da Bienal Internacional do Livro de Pernambuco variam a cada edicao. Em geral, ha ingressos simbolicos (a partir de R$ 20,00) e costumam existir dias ou atividades de entrada gratuita. Verifique os valores atuais em www.bienaldolivrope.com.br."
quais autores ja foram convidados para a Festa Literaria POA?,"A Festa Literaria de Porto Alegre ja recebeu como convidados nomes como Ailton Krenak e Milton Hatoum, entre outros autores. Os convidados de cada nova edicao sao anunciados em festaliterariaportaalegre.com.br."
quais escritores ja estiveram na Flipocos?,"A Flipocos - Festa Literaria de Pocos de Caldas ja recebeu como convidados nomes como Djamila Ribeiro, Itamar Vieira Junior e Milton Hatoum, entre outros autores brasileiros e internacionais. Os convidados de cada nova edicao sao anunciados em www.flipocos.com.br."
obrigado,"Fico feliz em ajudar! Se tiver mais duvidas sobre feiras literarias, e so perguntar."
vale a pena ir na Feira do Livro POA?,"Com certeza! A Feira do Livro de Porto Alegre e a mais antiga feira literaria do Brasil, realizada ao ar livre na iconica Praca da Alfandega desde 1955. Confira a programacao em www.feiradolivro.com.br e planeje sua visita."
qual e o local da Festival Literario SC?,A Festival Literario Catarinense e realizada em Florianopolis (SC).
onde fica a FLIC?,A FLIC - Festa Literaria de Belo Horizonte e realizada em Belo Horizonte (MG).
me conta sobre a Festa Literaria de Porto Alegre,"A Festa Literaria de Porto Alegre e um dos principais eventos literarios do Sul do Brasil, com intensa programacao de autores regionais e nacionais. Acesse festaliterariaportaalegre.com.br para mais informacoes."
boa noite,"Ola! Sou o ChatLitera, seu guia sobre feiras literarias brasileiras. Posso ajudar com datas, locais, programacao, ingressos e muito mais. O que voce quer saber?"
qual a historia da Festa Literaria POA?,"A Festa Literaria de Porto Alegre e um dos principais eventos literarios do Sul do Brasil, com intensa programacao de autores regionais e nacionais. Acesse festaliterariaportaalegre.com.br para mais informacoes."
quem ja participou da Bienal Rio?,"A Bienal do Rio de Janeiro ja recebeu como convidados nomes como Lygia Fagundes Telles, Ailton Krenak e Milton Hatoum, entre outros autores brasileiros e internacionais. Os convidados de cada nova edicao sao anunciados em www.bienaldorio.com.br."
qual a importancia da Bienal Bahia?,"A Bienal do Livro Bahia e fundamental para fomentar a leitura e a cultura no Brasil, conectando autores, editoras e leitores de todo o pais. E uma experiencia enriquecedora para qualquer amante da literatura."
"valeu, tchau",Ate logo! Espero ter ajudado. Continue participando das feiras literarias do Brasil!
qual o endereco da Flipocos?,"A Flipocos - Festa Literaria de Pocos de Caldas acontece em: Thermas Antonio Carlos - Av. Francisco Salles, 544 - Centro, Pocos de Caldas (MG) - CEP 37701-366. Mais detalhes logisticos em www.flipocos.com.br."
onde acontece a Festa Literaria POA?,A Festa Literaria de Porto Alegre e realizada em Porto Alegre (RS).
em que epoca do ano rola a Bienal do Livro SP?,"A Bienal Internacional do Livro de Sao Paulo geralmente acontece em julho. Para as datas exatas desta edicao, consulte www.bienaldolivro.com.br."
vale a pena ir na Bienal PE?,"Com certeza! A Bienal Internacional do Livro de Pernambuco e um dos grandes festivais do livro no coracao do Nordeste, destacando autores regionais e internacionais com rica programacao cultural. Confira a programacao em www.bienaldolivrope.com.br e planeje sua visita."
por que devo ir a Feira do Livro POA?,"A Feira do Livro de Porto Alegre e fundamental para fomentar a leitura e a cultura no Brasil, conectando autores, editoras e leitores de todo o pais. E uma experiencia enriquecedora para qualquer amante da literatura."
me diz autores que ja foram na FLOR,"A FLOR - Feira Literaria do Orgulho e Resistencia ja recebeu como convidados nomes como Ailton Krenak, Conceicao Evaristo e Djamila Ribeiro, entre outros autores brasileiros e internacionais. Os convidados de cada nova edicao sao anunciados em www.feiraflor.com.br."
quem recebeu homenagem na FLOR - Feira Literaria do Orgulho e Resistencia?,"A FLOR - Feira Literaria do Orgulho e Resistencia ja prestou homenagem a grandes nomes da literatura, como Caio Fernando Abreu, Cassandra Rios e Joao Silverio Trevisan. O autor ou autora homenageado(a) de cada edicao e anunciado(a) em www.feiraflor.com.br."
o que e a Feira do Livro POA?,"A Feira do Livro de Porto Alegre e a mais antiga feira literaria do Brasil, realizada ao ar livre na iconica Praca da Alfandega desde 1955. Acesse www.feiradolivro.com.br para mais informacoes."
o que acontece na FLIC?,"A FLIC - Festa Literaria de Belo Horizonte costuma oferecer: bate-papos com autores, mesas de debate, lancamentos de livros, oficinas literarias e espacos para criancas. A programacao completa e divulgada em www.flicbh.com.br proximo ao evento."
como chegar na Festival Literario SC?,"O endereco da Festival Literario Catarinense e: Centro Integrado de Cultura - Av. Irineu Bornhausen, 5600 - Agronomica, Florianopolis (SC) - CEP 88034-100 (CIC Florianopolis). Para informacoes de transporte e estacionamento, consulte www.festivalliterariosc.com.br."
o que tem na Feira do Livro POA?,"A Feira do Livro de Porto Alegre costuma oferecer: bate-papos com autores, mesas de debate, lancamentos de livros, oficinas literarias e espacos para criancas. A programacao completa e divulgada em www.feiradolivro.com.br proximo ao evento."
quando e a FLIC?,"A FLIC - Festa Literaria de Belo Horizonte geralmente acontece em junho. Para as datas exatas desta edicao, consulte www.flicbh.com.br."
me fale sobre a Bienal PE,"A Bienal Internacional do Livro de Pernambuco e um dos grandes festivais do livro no coracao do Nordeste, destacando autores regionais e internacionais com rica programacao cultural. Acesse www.bienaldolivrope.com.br para mais informacoes."
tem bate-papo com autores na Bienal PE?,"A Bienal Internacional do Livro de Pernambuco costuma oferecer: bate-papos com autores, mesas de debate, lancamentos de livros, oficinas literarias e espacos para criancas. A programacao completa e divulgada em www.bienaldolivrope.com.br proximo ao evento."
qual a historia da FLIC?,"A FLIC - Festa Literaria de Belo Horizonte e um festival mineiro com forte identidade cultural, promovendo debates, oficinas e lancamentos de livros. Acesse www.flicbh.com.br para mais informacoes."
o que e a Feira do Livro da Unesp?,"A Feira do Livro da Unesp e uma feira academica e literaria promovida pela Editora Unesp, com forte presenca de titulos universitarios, tecnicos e de divulgacao cientifica. Acesse www.livraria.unesp.br para mais informacoes."
vale a pena ir na Festa Literaria POA?,"Com certeza! A Festa Literaria de Porto Alegre e um dos principais eventos literarios do Sul do Brasil, com intensa programacao de autores regionais e nacionais. Confira a programacao em festaliterariaportaalegre.com.br e planeje sua visita."
a FLOR e paga?,"Os precos dos ingressos da FLOR - Feira Literaria do Orgulho e Resistencia variam a cada edicao. Em geral, ha ingressos simbolicos (a partir de R$ 20,00) e costumam existir dias ou atividades de entrada gratuita. Verifique os valores atuais em www.feiraflor.com.br."
quais autores ja foram convidados para a Festa Literaria POA?,"A Festa Literaria de Porto Alegre ja recebeu como convidados nomes como Milton Hatoum e Ailton Krenak, entre outros autores. Os convidados de cada nova edicao sao anunciados em festaliterariaportaalegre.com.br."
a FLOR e em qual cidade?,A FLOR - Feira Literaria do Orgulho e Resistencia e realizada em Sao Paulo (SP).
vale a pena ir na FLIP?,"Com certeza! A FLIP - Festa Literaria Internacional de Paraty e um festival intimista e sofisticado realizado na historica cidade de Paraty, reconhecido internacionalmente pela qualidade de sua programacao. Confira a programacao em www.flip.org.br e planeje sua visita."
vale a pena ir na FLIC?,"Com certeza! A FLIC - Festa Literaria de Belo Horizonte e um festival mineiro com forte identidade cultural, promovendo debates, oficinas e lancamentos de livros. Confira a programacao em www.flicbh.com.br e planeje sua visita."
a Festival Literario SC e paga?,"Os precos dos ingressos da Festival Literario Catarinense variam a cada edicao. Em geral, ha ingressos simbolicos (a partir de R$ 20,00) e costumam existir dias ou atividades de entrada gratuita. Verifique os valores atuais em www.festivalliterariosc.com.br."
quais eventos tem na Festa Literaria POA?,"A Festa Literaria de Porto Alegre costuma oferecer: bate-papos com autores, mesas de debate, lancamentos de livros, oficinas literarias e espacos para criancas. A programacao completa e divulgada em festaliterariaportaalegre.com.br proximo ao evento."
qual o endereco da Feira do Livro POA?,"O endereco da Feira do Livro de Porto Alegre e: Praca da Alfandega, s/n - Centro Historico, Porto Alegre (RS) - CEP 90010-150. Para informacoes de transporte e estacionamento, consulte www.feiradolivro.com.br."
quem ja participou da FLOR?,"A FLOR - Feira Literaria do Orgulho e Resistencia ja recebeu como convidados nomes como Itamar Vieira Junior, Ailton Krenak e Conceicao Evaristo, entre outros autores brasileiros e internacionais. Os convidados de cada nova edicao sao anunciados em www.feiraflor.com.br."
onde exatamente fica a Feira Unesp?,"O endereco da Feira do Livro da Unesp e: Rua Quirino de Andrade, 215 - Centro, Sao Paulo (SP) - CEP 01049-010 (Editora Unesp / Livraria da Unesp). Para informacoes de transporte e estacionamento, consulte www.livraria.unesp.br."
onde e realizada a Bienal Internacional do Livro de Pernambuco?,A Bienal Internacional do Livro de Pernambuco e realizada em Recife (PE) - Centro de Convencoes.
qual o endereco da Feira do Livro POA?,"A Feira do Livro de Porto Alegre acontece em: Praca da Alfandega, s/n - Centro Historico, Porto Alegre (RS) - CEP 90010-150. Mais detalhes logisticos em www.feiradolivro.com.br."
tem como me informar sobre a FLOR?,"Claro! A FLOR - Feira Literaria do Orgulho e Resistencia acontece em junho, em Sao Paulo (SP). Para mais detalhes, acesse www.feiraflor.com.br."
quando e a Feira do Livro POA?,"A Feira do Livro de Porto Alegre geralmente acontece em outubro/novembro. Para as datas exatas desta edicao, consulte www.feiradolivro.com.br."
quem ja participou da Bienal Bahia?,"A Bienal do Livro Bahia ja recebeu como convidados nomes como Djamila Ribeiro, Ailton Krenak e Itamar Vieira Junior, entre outros autores brasileiros e internacionais. Os convidados de cada nova edicao sao anunciados em www.bienaldolivrobahia.com.br."
quando vai ser a FLOR esse ano?,"A FLOR - Feira Literaria do Orgulho e Resistencia geralmente acontece em junho. Para as datas exatas desta edicao, consulte www.feiraflor.com.br."
fala sobre a Bienal PE,"A Bienal Internacional do Livro de Pernambuco e um dos grandes festivais do livro no coracao do Nordeste, destacando autores regionais e internacionais com rica programacao cultural. Acesse www.bienaldolivrope.com.br para mais informacoes."
me explica o que e a FLIP,"A FLIP - Festa Literaria Internacional de Paraty e um festival intimista e sofisticado realizado na historica cidade de Paraty, reconhecido internacionalmente pela qualidade de sua programacao. Acesse www.flip.org.br para mais informacoes."
a FLIP e em qual cidade?,A FLIP - Festa Literaria Internacional de Paraty e realizada em Paraty (RJ).
qual a cidade da Bienal Rio?,A Bienal do Rio de Janeiro e realizada em Rio de Janeiro (RJ) - Riocentro.
fala sobre a FLOR,"A FLOR - Feira Literaria do Orgulho e Resistencia e uma feira literaria dedicada a vozes LGBTQIA+, perifericas e de resistencia, celebrando a diversidade e o poder transformador da literatura. Acesse www.feiraflor.com.br para mais informacoes."
como chegar na Flipocos?,"O endereco da Flipocos - Festa Literaria de Pocos de Caldas e: Thermas Antonio Carlos - Av. Francisco Salles, 544 - Centro, Pocos de Caldas (MG) - CEP 37701-366. Para informacoes de transporte e estacionamento, consulte www.flipocos.com.br."
qual a importancia da Flipocos?,"A Flipocos - Festa Literaria de Pocos de Caldas e fundamental para fomentar a leitura e a cultura no Brasil, conectando autores, editoras e leitores de todo o pais. E uma experiencia enriquecedora para qualquer amante da literatura."
por que devo ir a FLOR?,"A FLOR - Feira Literaria do Orgulho e Resistencia e fundamental para fomentar a leitura e a cultura no Brasil, conectando autores, editoras e leitores de todo o pais. E uma experiencia enriquecedora para qualquer amante da literatura."
quanto custa o ingresso da Flipocos?,"Os precos dos ingressos da Flipocos - Festa Literaria de Pocos de Caldas variam a cada edicao. Em geral, ha ingressos simbolicos (a partir de R$ 20,00) e costumam existir dias ou atividades de entrada gratuita. Verifique os valores atuais em www.flipocos.com.br."
quais autores ja foram convidados para a Feira Unesp?,"A Feira do Livro da Unesp ja recebeu como convidados nomes como Djamila Ribeiro e Ailton Krenak, entre outros autores. Os convidados de cada nova edicao sao anunciados em www.livraria.unesp.br."
quais escritores foram homenageados pela Bienal PE?,"A Bienal Internacional do Livro de Pernambuco ja prestou homenagem a grandes nomes da literatura, como Ariano Suassuna, Clarice Lispector e Joao Cabral de Melo Neto. O autor ou autora homenageado(a) de cada edicao e anunciado(a) em www.bienaldolivrope.com.br."
vale a pena ir na FLOR?,"Com certeza! A FLOR - Feira Literaria do Orgulho e Resistencia e uma feira literaria dedicada a vozes LGBTQIA+, perifericas e de resistencia, celebrando a diversidade e o poder transformador da literatura. Confira a programacao em www.feiraflor.com.br e planeje sua visita."
qual o endereco da Bienal Rio?,"O endereco da Bienal do Rio de Janeiro e: Av. Salvador Allende, 6555 - Barra da Tijuca, Rio de Janeiro (RJ) - CEP 22783-127 (Riocentro, Pavilhao 3). Para informacoes de transporte e estacionamento, consulte www.bienaldorio.com.br."
o que acontece na Festival Literario SC?,"A Festival Literario Catarinense costuma oferecer: bate-papos com autores, mesas de debate, lancamentos de livros, oficinas literarias e espacos para criancas. A programacao completa e divulgada em www.festivalliterariosc.com.br proximo ao evento."
o que e a bienal do livro?,"A Bienal do Livro e um grande festival cultural e literario que reune editoras, livrarias, autores e leitores para celebrar a leitura. No Brasil temos varias: Bienal de Sao Paulo, Bienal do Rio de Janeiro, Bienal Bahia (Salvador) e Bienal de Pernambuco (Recife). Sobre qual delas voce gostaria de saber mais?"
quais escritores costumam ir a Festival Literario SC?,"A Festival Literario Catarinense ja recebeu como convidados nomes como Djamila Ribeiro, Milton Hatoum e Ailton Krenak, entre outros autores brasileiros e internacionais. Os convidados de cada nova edicao sao anunciados em www.festivalliterariosc.com.br."
quais autores ja foram convidados para a Festival Literario SC?,"A Festival Literario Catarinense ja recebeu como convidados nomes como Ailton Krenak, Conceicao Evaristo e Milton Hatoum, entre outros autores brasileiros e internacionais. Os convidados de cada nova edicao sao anunciados em www.festivalliterariosc.com.br."
quero saber tudo sobre a Festival Literario SC,"A Festival Literario Catarinense e um dos principais festivais do Sul do Brasil, celebrando a literatura catarinense e nacional com debates, lancamentos e oficinas. Ocorre em setembro em Florianopolis (SC). Mais informacoes em www.festivalliterariosc.com.br."
qual a historia da FLIP?,"A FLIP - Festa Literaria Internacional de Paraty e um festival intimista e sofisticado realizado na historica cidade de Paraty, reconhecido internacionalmente pela qualidade de sua programacao. Acesse www.flip.org.br para mais informacoes."
quero saber tudo sobre a Festival Literario SC,"A Festival Literario Catarinense e um dos principais festivais do Sul do Brasil, celebrando a literatura catarinense e nacional com debates, lancamentos e oficinas. Ocorre em setembro em Florianopolis (SC). Mais informacoes em www.festivalliterariosc.com.br."
quais escritores costumam ir a Bienal PE?,"A Bienal Internacional do Livro de Pernambuco ja recebeu como convidados nomes como Conceicao Evaristo, Ailton Krenak e Itamar Vieira Junior, entre outros autores brasileiros e internacionais. Os convidados de cada nova edicao sao anunciados em www.bienaldolivrope.com.br."
qual o endereco da Bienal Rio?,"A Bienal do Rio de Janeiro acontece em: Av. Salvador Allende, 6555 - Barra da Tijuca, Rio de Janeiro (RJ) - CEP 22783-127 (Riocentro, Pavilhao 3). Mais detalhes logisticos em www.bienaldorio.com.br."
onde e realizada a Flipocos - Festa Literaria de Pocos de Caldas?,A Flipocos - Festa Literaria de Pocos de Caldas e realizada em Pocos de Caldas (MG).
o que e um festival literario brasileiro?,"Os festivais literarios brasileiros sao eventos culturais que celebram a leitura e reunem autores, editoras e leitores. Vao desde grandes bienais (SP, Rio, Bahia, Pernambuco) ate festivais intimistas como FLIP, FLIC e FLOR. Cada um tem sua identidade unica."
qual o endereco da Feira do Livro POA?,"A Feira do Livro de Porto Alegre acontece em: Praca da Alfandega, s/n - Centro Historico, Porto Alegre (RS) - CEP 90010-150. Mais detalhes logisticos em www.feiradolivro.com.br."
qual o endereco da Bienal do Livro de Sao Paulo?,"O endereco da Bienal Internacional do Livro de Sao Paulo e: Av. Olavo Fontoura, 1209 - Santana, Sao Paulo (SP) - CEP 02012-021 (Pavilhao do Anhembi). Para informacoes de transporte e estacionamento, consulte www.bienaldolivro.com.br."
quais escritores costumam ir a Feira do Livro POA?,"A Feira do Livro de Porto Alegre ja recebeu como convidados nomes como Itamar Vieira Junior, Djamila Ribeiro e Conceicao Evaristo, entre outros autores brasileiros e internacionais. Os convidados de cada nova edicao sao anunciados em www.feiradolivro.com.br."
qual e o local da Bienal PE?,A Bienal Internacional do Livro de Pernambuco e realizada em Recife (PE) - Centro de Convencoes.
onde exatamente fica a FLIC?,"O endereco da FLIC - Festa Literaria de Belo Horizonte e: Praca da Liberdade, s/n - Funcionarios, Belo Horizonte (MG) - CEP 30140-010 (Circuito Liberdade). Para informacoes de transporte e estacionamento, consulte www.flicbh.com.br."
qual o endereco completo da Festival Literario SC?,"O endereco da Festival Literario Catarinense e: Centro Integrado de Cultura - Av. Irineu Bornhausen, 5600 - Agronomica, Florianopolis (SC) - CEP 88034-100 (CIC Florianopolis). Para informacoes de transporte e estacionamento, consulte www.festivalliterariosc.com.br."
qual e o local da Bienal Rio?,A Bienal do Rio de Janeiro e realizada em Rio de Janeiro (RJ) - Riocentro.
quais as datas da Bienal do Rio de Janeiro?,"A Bienal do Rio de Janeiro geralmente acontece em setembro. Para as datas exatas desta edicao, consulte www.bienaldorio.com.br."
qual o impacto da Bienal Bahia?,"A Bienal do Livro Bahia e fundamental para fomentar a leitura e a cultura no Brasil, conectando autores, editoras e leitores de todo o pais. E uma experiencia enriquecedora para qualquer amante da literatura."
em que mes acontece a FLIC?,"A FLIC - Festa Literaria de Belo Horizonte geralmente acontece em junho. Para as datas exatas desta edicao, consulte www.flicbh.com.br."
quais escritores costumam ir a Bienal do Livro SP?,"A Bienal Internacional do Livro de Sao Paulo ja recebeu como convidados nomes como Conceicao Evaristo, Djamila Ribeiro e Itamar Vieira Junior, entre outros autores brasileiros e internacionais. Os convidados de cada nova edicao sao anunciados em www.bienaldolivro.com.br."
fala sobre a Festa Literaria POA,"A Festa Literaria de Porto Alegre e um dos principais eventos literarios do Sul do Brasil, com intensa programacao de autores regionais e nacionais. Acesse festaliterariaportaalegre.com.br para mais informacoes."
bienal do livro o que e?,"A Bienal do Livro e um grande festival cultural e literario que reune editoras, livrarias, autores e leitores para celebrar a leitura. No Brasil temos varias: Bienal de Sao Paulo, Bienal do Rio de Janeiro, Bienal Bahia (Salvador) e Bienal de Pernambuco (Recife). Sobre qual delas voce gostaria de saber mais?"
vale a pena ir na Bienal do Livro SP?,"Com certeza! A Bienal Internacional do Livro de Sao Paulo e um dos maiores eventos literarios da America Latina, reunindo editoras, autores e leitores do mundo inteiro. Confira a programacao em www.bienaldolivro.com.br e planeje sua visita."
em que cidade e a Bienal do Livro SP?,A Bienal Internacional do Livro de Sao Paulo e realizada em Sao Paulo (SP) - Pavilhao do Anhembi.
quando ocorre a Bienal Internacional do Livro de Pernambuco?,"A Bienal Internacional do Livro de Pernambuco geralmente acontece em outubro. Para as datas exatas desta edicao, consulte www.bienaldolivrope.com.br."
quais autores foram homenageados na FLIC?,"A FLIC - Festa Literaria de Belo Horizonte ja prestou homenagem a grandes nomes da literatura, como Guimaraes Rosa, Drummond de Andrade e Conceicao Evaristo. O autor ou autora homenageado(a) de cada edicao e anunciado(a) em www.flicbh.com.br."
tem entrada gratuita na Feira Unesp?,"Os precos dos ingressos da Feira do Livro da Unesp variam a cada edicao. Em geral, ha ingressos simbolicos (a partir de R$ 20,00) e costumam existir dias ou atividades de entrada gratuita. Verifique os valores atuais em www.livraria.unesp.br."
fala sobre a Bienal do Livro SP,"A Bienal Internacional do Livro de Sao Paulo e um dos maiores eventos literarios da America Latina, reunindo editoras, autores e leitores do mundo inteiro. Acesse www.bienaldolivro.com.br para mais informacoes."
em que mes acontece a Festival Literario SC?,"A Festival Literario Catarinense geralmente acontece em setembro. Para as datas exatas desta edicao, consulte www.festivalliterariosc.com.br."
a Feira do Livro POA e paga?,"Os precos dos ingressos da Feira do Livro de Porto Alegre variam a cada edicao. Em geral, ha ingressos simbolicos (a partir de R$ 20,00) e costumam existir dias ou atividades de entrada gratuita. Verifique os valores atuais em www.feiradolivro.com.br."
onde exatamente fica a FLOR?,"O endereco da FLOR - Feira Literaria do Orgulho e Resistencia e: Largo do Arouche, s/n - Republica, Sao Paulo (SP) - CEP 01219-010 (Largo do Arouche e adjacencias). Para informacoes de transporte e estacionamento, consulte www.feiraflor.com.br."
quais as atividades da Festival Literario SC?,"A Festival Literario Catarinense costuma oferecer: bate-papos com autores, mesas de debate, lancamentos de livros, oficinas literarias e espacos para criancas. A programacao completa e divulgada em www.festivalliterariosc.com.br proximo ao evento."
quais autores ja foram convidados para a Bienal Rio?,"A Bienal do Rio de Janeiro ja recebeu como convidados nomes como Milton Hatoum e Ailton Krenak, entre outros autores. Os convidados de cada nova edicao sao anunciados em www.bienaldorio.com.br."
quero saber tudo sobre a Festa Literaria POA,"A Festa Literaria de Porto Alegre e um dos principais eventos literarios do Sul do Brasil, com intensa programacao de autores regionais e nacionais. Ocorre em novembro em Porto Alegre (RS). Mais informacoes em festaliterariaportaalegre.com.br."
a Bienal do Livro SP e paga?,"Os precos dos ingressos da Bienal Internacional do Livro de Sao Paulo variam a cada edicao. Em geral, ha ingressos simbolicos (a partir de R$ 20,00) e costumam existir dias ou atividades de entrada gratuita. Verifique os valores atuais em www.bienaldolivro.com.br."
quem e o homenageado da Feira Unesp?,"A Feira do Livro da Unesp ja prestou homenagem a grandes nomes da literatura, como Florestan Fernandes, Mario de Andrade e Paulo Freire. O autor ou autora homenageado(a) de cada edicao e anunciado(a) em www.livraria.unesp.br."
tem como me informar sobre a FLOR?,"Claro! A FLOR - Feira Literaria do Orgulho e Resistencia acontece em junho, em Sao Paulo (SP). Para mais detalhes, acesse www.feiraflor.com.br."
quem foi homenageado na Bienal do Livro SP?,"A Bienal Internacional do Livro de Sao Paulo ja prestou homenagem a grandes nomes da literatura, como Jorge Amado, Clarice Lispector e Ariano Suassuna. O autor ou autora homenageado(a) de cada edicao e anunciado(a) em www.bienaldolivro.com.br."
a Bienal Bahia e paga?,"Os precos dos ingressos da Bienal do Livro Bahia variam a cada edicao. Em geral, ha ingressos simbolicos (a partir de R$ 20,00) e costumam existir dias ou atividades de entrada gratuita. Verifique os valores atuais em www.bienaldolivrobahia.com.br."
em que cidade e a Flipocos?,A Flipocos - Festa Literaria de Pocos de Caldas e realizada em Pocos de Caldas (MG).
quem e o homenageado da FLIP?,"A FLIP - Festa Literaria Internacional de Paraty ja prestou homenagem a grandes nomes da literatura, como Hilda Hilst, Lima Barreto e Manoel de Barros. O autor ou autora homenageado(a) de cada edicao e anunciado(a) em www.flip.org.br."
ate logo,Ate logo! Espero ter ajudado. Continue participando das feiras literarias do Brasil!
tem bate-papo com autores na Bienal do Livro SP?,"A Bienal Internacional do Livro de Sao Paulo costuma oferecer: bate-papos com autores, mesas de debate, lancamentos de livros, oficinas literarias e espacos para criancas. A programacao completa e divulgada em www.bienaldolivro.com.br proximo ao evento."
onde e realizada a Festival Literario Catarinense?,A Festival Literario Catarinense e realizada em Florianopolis (SC).
o que e a Feira Unesp?,"A Feira do Livro da Unesp e uma feira academica e literaria promovida pela Editora Unesp, com forte presenca de titulos universitarios, tecnicos e de divulgacao cientifica. Acesse www.livraria.unesp.br para mais informacoes."
quando ocorre a FLIC - Festa Literaria de Belo Horizonte?,"A FLIC - Festa Literaria de Belo Horizonte geralmente acontece em junho. Para as datas exatas desta edicao, consulte www.flicbh.com.br."
qual o endereco da Feira Unesp?,"A Feira do Livro da Unesp acontece em: Rua Quirino de Andrade, 215 - Centro, Sao Paulo (SP) - CEP 01049-010 (Editora Unesp / Livraria da Unesp). Mais detalhes logisticos em www.livraria.unesp.br."
em que rua fica a Bienal do Livro SP?,"O endereco da Bienal Internacional do Livro de Sao Paulo e: Av. Olavo Fontoura, 1209 - Santana, Sao Paulo (SP) - CEP 02012-021 (Pavilhao do Anhembi). Para informacoes de transporte e estacionamento, consulte www.bienaldolivro.com.br."
tem oficinas na FLIC?,"A FLIC - Festa Literaria de Belo Horizonte costuma oferecer: bate-papos com autores, mesas de debate, lancamentos de livros, oficinas literarias e espacos para criancas. A programacao completa e divulgada em www.flicbh.com.br proximo ao evento."
quando ocorre a Feira do Livro da Unesp?,"A Feira do Livro da Unesp geralmente acontece em outubro. Para as datas exatas desta edicao, consulte www.livraria.unesp.br."
quero saber tudo sobre a FLIC,"A FLIC - Festa Literaria de Belo Horizonte e um festival mineiro com forte identidade cultural, promovendo debates, oficinas e lancamentos de livros. Ocorre em junho em Belo Horizonte (MG). Mais informacoes em www.flicbh.com.br."
o que acontece na Feira Unesp?,"A Feira do Livro da Unesp costuma oferecer: bate-papos com autores, mesas de debate, lancamentos de livros, oficinas literarias e espacos para criancas. A programacao completa e divulgada em www.livraria.unesp.br proximo ao evento."
qual o periodo da Bienal PE?,"A Bienal Internacional do Livro de Pernambuco geralmente acontece em outubro. Para as datas exatas desta edicao, consulte www.bienaldolivrope.com.br."
quais autores ja foram convidados para a Festa Literaria POA?,"A Festa Literaria de Porto Alegre ja recebeu como convidados nomes como Ailton Krenak e Conceicao Evaristo, entre outros autores. Os convidados de cada nova edicao sao anunciados em festaliterariaportaalegre.com.br."
qual a cidade da Flipocos?,A Flipocos - Festa Literaria de Pocos de Caldas e realizada em Pocos de Caldas (MG).
quem sao os homenageados da Feira do Livro POA?,"A Feira do Livro de Porto Alegre ja prestou homenagem a grandes nomes da literatura, como Moacyr Scliar, Lya Luft e Erico Verissimo. O autor ou autora homenageado(a) de cada edicao e anunciado(a) em www.feiradolivro.com.br."
qual o impacto da Feira Unesp?,"A Feira do Livro da Unesp e fundamental para fomentar a leitura e a cultura no Brasil, conectando autores, editoras e leitores de todo o pais. E uma experiencia enriquecedora para qualquer amante da literatura."
me diz autores que ja foram na Bienal PE,"A Bienal Internacional do Livro de Pernambuco ja recebeu como convidados nomes como Itamar Vieira Junior, Djamila Ribeiro e Ailton Krenak, entre outros autores brasileiros e internacionais. Os convidados de cada nova edicao sao anunciados em www.bienaldolivrope.com.br."
voce recomenda alguma feira para quem gosta de ensaio?,"Para quem aprecia ensaio, a Bienal do Livro SP costuma ter a maior variedade de titulos e lancamentos nesse estilo. A FLIP tambem tem mesas tematicas e debates sobre diferentes correntes literarias. Vale conferir a programacao antes de ir."
onde fica a Bienal Rio?,A Bienal do Rio de Janeiro e realizada em Rio de Janeiro (RJ) - Riocentro.
quais eventos tem na FLIP?,"A FLIP - Festa Literaria Internacional de Paraty costuma oferecer: bate-papos com autores, mesas de debate, lancamentos de livros, oficinas literarias e espacos para criancas. A programacao completa e divulgada em www.flip.org.br proximo ao evento."
o que e a Bienal do Livro Bahia?,"A Bienal do Livro Bahia e um dos maiores eventos literarios do Nordeste, reunindo autores, editoras e leitores em Salvador com forte identidade cultural baiana. Acesse www.bienaldolivrobahia.com.br para mais informacoes."
qual o endereco da Feira do Livro POA?,"A Feira do Livro de Porto Alegre acontece em: Praca da Alfandega, s/n - Centro Historico, Porto Alegre (RS) - CEP 90010-150. Mais detalhes logisticos em www.feiradolivro.com.br."
me diz autores que ja foram na FLIP,"A FLIP - Festa Literaria Internacional de Paraty ja recebeu como convidados nomes como Lygia Fagundes Telles, Djamila Ribeiro e Conceicao Evaristo, entre outros autores brasileiros e internacionais. Os convidados de cada nova edicao sao anunciados em www.flip.org.br."
em que mes acontece a Bienal do Livro SP?,"A Bienal Internacional do Livro de Sao Paulo geralmente acontece em julho. Para as datas exatas desta edicao, consulte www.bienaldolivro.com.br."
o que e a FLIP - Festa Literaria Internacional de Paraty?,"A FLIP - Festa Literaria Internacional de Paraty e um festival intimista e sofisticado realizado na historica cidade de Paraty, reconhecido internacionalmente pela qualidade de sua programacao. Acesse www.flip.org.br para mais informacoes."
o que tem na Bienal Rio?,"A Bienal do Rio de Janeiro costuma oferecer: bate-papos com autores, mesas de debate, lancamentos de livros, oficinas literarias e espacos para criancas. A programacao completa e divulgada em www.bienaldorio.com.br proximo ao evento."
a Bienal do Livro SP e em qual cidade?,A Bienal Internacional do Livro de Sao Paulo e realizada em Sao Paulo (SP) - Pavilhao do Anhembi.
quais as atividades da Bienal do Livro SP?,"A Bienal Internacional do Livro de Sao Paulo costuma oferecer: bate-papos com autores, mesas de debate, lancamentos de livros, oficinas literarias e espacos para criancas. A programacao completa e divulgada em www.bienaldolivro.com.br proximo ao evento."
quais autores ja foram convidados para a Bienal Rio?,"A Bienal do Rio de Janeiro ja recebeu como convidados nomes como Djamila Ribeiro e Lygia Fagundes Telles, entre outros autores. Os convidados de cada nova edicao sao anunciados em www.bienaldorio.com.br."
qual a data da Bienal PE?,"A Bienal Internacional do Livro de Pernambuco geralmente acontece em outubro. Para as datas exatas desta edicao, consulte www.bienaldolivrope.com.br."
em que epoca do ano rola a Bienal Rio?,"A Bienal do Rio de Janeiro geralmente acontece em setembro. Para as datas exatas desta edicao, consulte www.bienaldorio.com.br."
em que rua fica a Bienal Rio?,"O endereco da Bienal do Rio de Janeiro e: Av. Salvador Allende, 6555 - Barra da Tijuca, Rio de Janeiro (RJ) - CEP 22783-127 (Riocentro, Pavilhao 3). Para informacoes de transporte e estacionamento, consulte www.bienaldorio.com.br."
quem ja foi convidado para a Festa Literaria POA?,"A Festa Literaria de Porto Alegre ja recebeu como convidados nomes como Ailton Krenak, Conceicao Evaristo e Djamila Ribeiro, entre outros autores brasileiros e internacionais. Os convidados de cada nova edicao sao anunciados em festaliterariaportaalegre.com.br."
qual a importancia da Feira Unesp?,"A Feira do Livro da Unesp e fundamental para fomentar a leitura e a cultura no Brasil, conectando autores, editoras e leitores de todo o pais. E uma experiencia enriquecedora para qualquer amante da literatura."
em que cidade e a FLOR?,A FLOR - Feira Literaria do Orgulho e Resistencia e realizada em Sao Paulo (SP).
qual o endereco da FLIP?,"A FLIP - Festa Literaria Internacional de Paraty acontece em: Praca da Matriz, s/n - Centro Historico, Paraty (RJ) - CEP 23970-000 (Casa da Cultura de Paraty e espacos do centro historico). Mais detalhes logisticos em www.flip.org.br."
quando ocorre a Festa Literaria de Porto Alegre?,"A Festa Literaria de Porto Alegre geralmente acontece em novembro. Para as datas exatas desta edicao, consulte festaliterariaportaalegre.com.br."
quanto custa o ingresso da Feira Unesp?,"Os precos dos ingressos da Feira do Livro da Unesp variam a cada edicao. Em geral, ha ingressos simbolicos (a partir de R$ 20,00) e costumam existir dias ou atividades de entrada gratuita. Verifique os valores atuais em www.livraria.unesp.br."
qual o endereco da FLIP?,"A FLIP - Festa Literaria Internacional de Paraty acontece em: Praca da Matriz, s/n - Centro Historico, Paraty (RJ) - CEP 23970-000 (Casa da Cultura de Paraty e espacos do centro historico). Mais detalhes logisticos em www.flip.org.br."
quanto custa o ingresso da Bienal PE?,"Os precos dos ingressos da Bienal Internacional do Livro de Pernambuco variam a cada edicao. Em geral, ha ingressos simbolicos (a partir de R$ 20,00) e costumam existir dias ou atividades de entrada gratuita. Verifique os valores atuais em www.bienaldolivrope.com.br."
por que devo ir a Festival Literario SC?,"A Festival Literario Catarinense e fundamental para fomentar a leitura e a cultura no Brasil, conectando autores, editoras e leitores de todo o pais. E uma experiencia enriquecedora para qualquer amante da literatura."
quais as atividades da Bienal Bahia?,"A Bienal do Livro Bahia costuma oferecer: bate-papos com autores, mesas de debate, lancamentos de livros, oficinas literarias e espacos para criancas. A programacao completa e divulgada em www.bienaldolivrobahia.com.br proximo ao evento."
o que tem na Flipocos?,"A Flipocos - Festa Literaria de Pocos de Caldas costuma oferecer: bate-papos com autores, mesas de debate, lancamentos de livros, oficinas literarias e espacos para criancas. A programacao completa e divulgada em www.flipocos.com.br proximo ao evento."
em que mes acontece a Bienal PE?,"A Bienal Internacional do Livro de Pernambuco geralmente acontece em outubro. Para as datas exatas desta edicao, consulte www.bienaldolivrope.com.br."
quais autores ja foram convidados para a Bienal PE?,"A Bienal Internacional do Livro de Pernambuco ja recebeu como convidados nomes como Djamila Ribeiro e Ailton Krenak, entre outros autores. Os convidados de cada nova edicao sao anunciados em www.bienaldolivrope.com.br."
quem foi homenageado na Feira do Livro POA?,"A Feira do Livro de Porto Alegre ja prestou homenagem a grandes nomes da literatura, como Rubem Alves, Moacyr Scliar e Erico Verissimo. O autor ou autora homenageado(a) de cada edicao e anunciado(a) em www.feiradolivro.com.br."
como fazer um bolo de chocolate?,"Receitas estao fora do meu alcance, mas se voce quiser, posso indicar livros de culinaria presentes nas feiras literarias."
onde exatamente fica a Bienal PE?,"O endereco da Bienal Internacional do Livro de Pernambuco e: Centro de Convencoes de Pernambuco - Complexo Viario Via Expressa, s/n - Camaragibe (PE) - CEP 54768-000. Para informacoes de transporte e estacionamento, consulte www.bienaldolivrope.com.br."
a Flipocos e em qual cidade?,A Flipocos - Festa Literaria de Pocos de Caldas e realizada em Pocos de Caldas (MG).
tem entrada gratuita na Bienal do Livro SP?,"Os precos dos ingressos da Bienal Internacional do Livro de Sao Paulo variam a cada edicao. Em geral, ha ingressos simbolicos (a partir de R$ 20,00) e costumam existir dias ou atividades de entrada gratuita. Verifique os valores atuais em www.bienaldolivro.com.br."
qual o endereco da Festival Literario SC?,"O endereco da Festival Literario Catarinense e: Centro Integrado de Cultura - Av. Irineu Bornhausen, 5600 - Agronomica, Florianopolis (SC) - CEP 88034-100 (CIC Florianopolis). Para informacoes de transporte e estacionamento, consulte www.festivalliterariosc.com.br."
quais escritores ja estiveram na Festa Literaria POA?,"A Festa Literaria de Porto Alegre ja recebeu como convidados nomes como Ailton Krenak, Djamila Ribeiro e Milton Hatoum, entre outros autores brasileiros e internacionais. Os convidados de cada nova edicao sao anunciados em festaliterariaportaalegre.com.br."
me conta sobre a FLIC - Festa Literaria de Belo Horizonte,"A FLIC - Festa Literaria de Belo Horizonte e um festival mineiro com forte identidade cultural, promovendo debates, oficinas e lancamentos de livros. Acesse www.flicbh.com.br para mais informacoes."
quais as atividades da Feira Unesp?,"A Feira do Livro da Unesp costuma oferecer: bate-papos com autores, mesas de debate, lancamentos de livros, oficinas literarias e espacos para criancas. A programacao completa e divulgada em www.livraria.unesp.br proximo ao evento."
qual o endereco da Flipocos?,"A Flipocos - Festa Literaria de Pocos de Caldas acontece em: Thermas Antonio Carlos - Av. Francisco Salles, 544 - Centro, Pocos de Caldas (MG) - CEP 37701-366. Mais detalhes logisticos em www.flipocos.com.br."
qual a historia da Feira do Livro POA?,"A Feira do Livro de Porto Alegre e a mais antiga feira literaria do Brasil, realizada ao ar livre na iconica Praca da Alfandega desde 1955. Acesse www.feiradolivro.com.br para mais informacoes."
qual a programacao da Feira Unesp?,"A Feira do Livro da Unesp costuma oferecer: bate-papos com autores, mesas de debate, lancamentos de livros, oficinas literarias e espacos para criancas. A programacao completa e divulgada em www.livraria.unesp.br proximo ao evento."
xau,Ate logo! Espero ter ajudado. Continue participando das feiras literarias do Brasil!
precisa pagar para entrar na FLIP?,"Os precos dos ingressos da FLIP - Festa Literaria Internacional de Paraty variam a cada edicao. Em geral, ha ingressos simbolicos (a partir de R$ 20,00) e costumam existir dias ou atividades de entrada gratuita. Verifique os valores atuais em www.flip.org.br."
me explica o que e a Festival Literario SC,"A Festival Literario Catarinense e um dos principais festivais do Sul do Brasil, celebrando a literatura catarinense e nacional com debates, lancamentos e oficinas. Acesse www.festivalliterariosc.com.br para mais informacoes."
tem oficinas na Feira do Livro POA?,"A Feira do Livro de Porto Alegre costuma oferecer: bate-papos com autores, mesas de debate, lancamentos de livros, oficinas literarias e espacos para criancas. A programacao completa e divulgada em www.feiradolivro.com.br proximo ao evento."
quem ja foi convidado para a Bienal Bahia?,"A Bienal do Livro Bahia ja recebeu como convidados nomes como Djamila Ribeiro, Itamar Vieira Junior e Milton Hatoum, entre outros autores brasileiros e internacionais. Os convidados de cada nova edicao sao anunciados em www.bienaldolivrobahia.com.br."
tem como me informar sobre a FLIP?,"Claro! A FLIP - Festa Literaria Internacional de Paraty acontece em julho/agosto, em Paraty (RJ). Para mais detalhes, acesse www.flip.org.br."
me recomende uma feira para iniciantes em literatura,"Para quem esta comecando, a Bienal Internacional do Livro de Sao Paulo e excelente: tem uma enorme variedade de titulos, precos acessiveis e programacao para todos os gostos. A Feira do Livro de Porto Alegre tambem e muito acolhedora."
oi,"Ola! Sou o ChatLitera, seu guia sobre feiras literarias brasileiras. Posso ajudar com datas, locais, programacao, ingressos e muito mais. O que voce quer saber?"
quais escritores foram homenageados pela FLOR?,"A FLOR - Feira Literaria do Orgulho e Resistencia ja prestou homenagem a grandes nomes da literatura, como Cassandra Rios, Joao Silverio Trevisan e Caio Fernando Abreu. O autor ou autora homenageado(a) de cada edicao e anunciado(a) em www.feiraflor.com.br."
quanto custa o ingresso da Feira do Livro POA?,"Os precos dos ingressos da Feira do Livro de Porto Alegre variam a cada edicao. Em geral, ha ingressos simbolicos (a partir de R$ 20,00) e costumam existir dias ou atividades de entrada gratuita. Verifique os valores atuais em www.feiradolivro.com.br."
em que rua fica a Bienal PE?,"O endereco da Bienal Internacional do Livro de Pernambuco e: Centro de Convencoes de Pernambuco - Complexo Viario Via Expressa, s/n - Camaragibe (PE) - CEP 54768-000. Para informacoes de transporte e estacionamento, consulte www.bienaldolivrope.com.br."
me diz autores que ja foram na FLIC,"A FLIC - Festa Literaria de Belo Horizonte ja recebeu como convidados nomes como Itamar Vieira Junior, Ailton Krenak e Milton Hatoum, entre outros autores brasileiros e internacionais. Os convidados de cada nova edicao sao anunciados em www.flicbh.com.br."
qual o melhor time de futebol do brasil?,Isso e muito controverso e foge do meu dominio! Mas posso dizer com certeza qual e o melhor evento literario para voce visitar. O que acha?
em que rua fica a Festa Literaria POA?,"O endereco da Festa Literaria de Porto Alegre e: Usina do Gasometro - Av. Presidente Joao Goulart, 551 - Centro Historico, Porto Alegre (RS) - CEP 90010-310. Para informacoes de transporte e estacionamento, consulte festaliterariaportaalegre.com.br."
quem sao os homenageados da FLOR?,"A FLOR - Feira Literaria do Orgulho e Resistencia ja prestou homenagem a grandes nomes da literatura, como Cassandra Rios, Joao Silverio Trevisan e Caio Fernando Abreu. O autor ou autora homenageado(a) de cada edicao e anunciado(a) em www.feiraflor.com.br."
quais autores ja foram convidados para a Feira do Livro POA?,"A Feira do Livro de Porto Alegre ja recebeu como convidados nomes como Djamila Ribeiro e Milton Hatoum, entre outros autores. Os convidados de cada nova edicao sao anunciados em www.feiradolivro.com.br."
onde acontece a Bienal PE?,A Bienal Internacional do Livro de Pernambuco e realizada em Recife (PE) - Centro de Convencoes.
quais eventos tem na Bienal do Livro SP?,"A Bienal Internacional do Livro de Sao Paulo costuma oferecer: bate-papos com autores, mesas de debate, lancamentos de livros, oficinas literarias e espacos para criancas. A programacao completa e divulgada em www.bienaldolivro.com.br proximo ao evento."
onde fica a FLIP?,A FLIP - Festa Literaria Internacional de Paraty e realizada em Paraty (RJ).
precisa pagar para entrar na Bienal PE?,"Os precos dos ingressos da Bienal Internacional do Livro de Pernambuco variam a cada edicao. Em geral, ha ingressos simbolicos (a partir de R$ 20,00) e costumam existir dias ou atividades de entrada gratuita. Verifique os valores atuais em www.bienaldolivrope.com.br."
qual o endereco da Bienal PE?,"A Bienal Internacional do Livro de Pernambuco acontece em: Centro de Convencoes de Pernambuco - Complexo Viario Via Expressa, s/n - Camaragibe (PE) - CEP 54768-000. Mais detalhes logisticos em www.bienaldolivrope.com.br."
qual o endereco da Feira do Livro da Unesp?,"O endereco da Feira do Livro da Unesp e: Rua Quirino de Andrade, 215 - Centro, Sao Paulo (SP) - CEP 01049-010 (Editora Unesp / Livraria da Unesp). Para informacoes de transporte e estacionamento, consulte www.livraria.unesp.br."
o que e a Bienal do Livro do Rio?,"A Bienal do Rio de Janeiro e um dos eventos mais aguardados do Rio, com lancamentos exclusivos e encontros com grandes autores brasileiros e internacionais. Acontece em Rio de Janeiro (RJ) - Riocentro no mes de setembro. Acesse www.bienaldorio.com.br para mais informacoes."
quero saber tudo sobre a Bienal do Livro SP,"A Bienal Internacional do Livro de Sao Paulo e um dos maiores eventos literarios da America Latina, reunindo editoras, autores e leitores do mundo inteiro. Ocorre em julho em Sao Paulo (SP) - Pavilhao do Anhembi. Mais informacoes em www.bienaldolivro.com.br."
vale a pena ir na FLIC?,"A FLIC - Festa Literaria de Belo Horizonte e fundamental para fomentar a leitura e a cultura no Brasil, conectando autores, editoras e leitores de todo o pais. E uma experiencia enriquecedora para qualquer amante da literatura."
onde fica a Bienal Bahia?,A Bienal do Livro Bahia e realizada em Salvador (BA) - Centro de Convencoes.
o que e a Festival Literario Catarinense?,"A Festival Literario Catarinense e um dos principais festivais do Sul do Brasil, celebrando a literatura catarinense e nacional com debates, lancamentos e oficinas. Acesse www.festivalliterariosc.com.br para mais informacoes."
quais escritores costumam ir a Festa Literaria POA?,"A Festa Literaria de Porto Alegre ja recebeu como convidados nomes como Conceicao Evaristo, Milton Hatoum e Ailton Krenak, entre outros autores brasileiros e internacionais. Os convidados de cada nova edicao sao anunciados em festaliterariaportaalegre.com.br."
em que cidade e a Feira do Livro POA?,A Feira do Livro de Porto Alegre e realizada em Porto Alegre (RS) - Praca da Alfandega.
qual o local exato da Bienal PE?,"O endereco da Bienal Internacional do Livro de Pernambuco e: Centro de Convencoes de Pernambuco - Complexo Viario Via Expressa, s/n - Camaragibe (PE) - CEP 54768-000. Para informacoes de transporte e estacionamento, consulte www.bienaldolivrope.com.br."
quanto e o ticket da FLIP?,"Os precos dos ingressos da FLIP - Festa Literaria Internacional de Paraty variam a cada edicao. Em geral, ha ingressos simbolicos (a partir de R$ 20,00) e costumam existir dias ou atividades de entrada gratuita. Verifique os valores atuais em www.flip.org.br."
quais escritores ja estiveram na Bienal PE?,"A Bienal Internacional do Livro de Pernambuco ja recebeu como convidados nomes como Djamila Ribeiro, Conceicao Evaristo e Ailton Krenak, entre outros autores brasileiros e internacionais. Os convidados de cada nova edicao sao anunciados em www.bienaldolivrope.com.br."
quais as atividades da FLIP?,"A FLIP - Festa Literaria Internacional de Paraty costuma oferecer: bate-papos com autores, mesas de debate, lancamentos de livros, oficinas literarias e espacos para criancas. A programacao completa e divulgada em www.flip.org.br proximo ao evento."
quanto custa o ingresso da Bienal Bahia?,"Os precos dos ingressos da Bienal do Livro Bahia variam a cada edicao. Em geral, ha ingressos simbolicos (a partir de R$ 20,00) e costumam existir dias ou atividades de entrada gratuita. Verifique os valores atuais em www.bienaldolivrobahia.com.br."
quais autores foram homenageados na Flipocos?,"A Flipocos - Festa Literaria de Pocos de Caldas ja prestou homenagem a grandes nomes da literatura, como Lygia Fagundes Telles, Rubem Braga e Guimaraes Rosa. O autor ou autora homenageado(a) de cada edicao e anunciado(a) em www.flipocos.com.br."
como chegar na Bienal PE?,"O endereco da Bienal Internacional do Livro de Pernambuco e: Centro de Convencoes de Pernambuco - Complexo Viario Via Expressa, s/n - Camaragibe (PE) - CEP 54768-000. Para informacoes de transporte e estacionamento, consulte www.bienaldolivrope.com.br."
qual o endereco completo da Festa Literaria POA?,"O endereco da Festa Literaria de Porto Alegre e: Usina do Gasometro - Av. Presidente Joao Goulart, 551 - Centro Historico, Porto Alegre (RS) - CEP 90010-310. Para informacoes de transporte e estacionamento, consulte festaliterariaportaalegre.com.br."
quais as atividades da Bienal PE?,"A Bienal Internacional do Livro de Pernambuco costuma oferecer: bate-papos com autores, mesas de debate, lancamentos de livros, oficinas literarias e espacos para criancas. A programacao completa e divulgada em www.bienaldolivrope.com.br proximo ao evento."
quais eventos tem na FLOR?,"A FLOR - Feira Literaria do Orgulho e Resistencia costuma oferecer: bate-papos com autores, mesas de debate, lancamentos de livros, oficinas literarias e espacos para criancas. A programacao completa e divulgada em www.feiraflor.com.br proximo ao evento."
quando e a Festival Literario SC?,"A Festival Literario Catarinense geralmente acontece em setembro. Para as datas exatas desta edicao, consulte www.festivalliterariosc.com.br."
me conta sobre a Bienal do Livro Bahia,"A Bienal do Livro Bahia e um dos maiores eventos literarios do Nordeste, reunindo autores, editoras e leitores em Salvador com forte identidade cultural baiana. Acesse www.bienaldolivrobahia.com.br para mais informacoes."
qual e o local da Bienal do Livro SP?,A Bienal Internacional do Livro de Sao Paulo e realizada em Sao Paulo (SP) - Pavilhao do Anhembi.
qual a programacao da FLIC?,"A FLIC - Festa Literaria de Belo Horizonte costuma oferecer: bate-papos com autores, mesas de debate, lancamentos de livros, oficinas literarias e espacos para criancas. A programacao completa e divulgada em www.flicbh.com.br proximo ao evento."
quais autores ja foram convidados para a Bienal Rio?,"A Bienal do Rio de Janeiro ja recebeu como convidados nomes como Djamila Ribeiro, Lygia Fagundes Telles e Conceicao Evaristo, entre outros autores brasileiros e internacionais. Os convidados de cada nova edicao sao anunciados em www.bienaldorio.com.br."
me da o endereco da Festival Literario SC,"O endereco da Festival Literario Catarinense e: Centro Integrado de Cultura - Av. Irineu Bornhausen, 5600 - Agronomica, Florianopolis (SC) - CEP 88034-100 (CIC Florianopolis). Para informacoes de transporte e estacionamento, consulte www.festivalliterariosc.com.br."
como chegar na Feira do Livro POA?,"O endereco da Feira do Livro de Porto Alegre e: Praca da Alfandega, s/n - Centro Historico, Porto Alegre (RS) - CEP 90010-150. Para informacoes de transporte e estacionamento, consulte www.feiradolivro.com.br."
o que acontece na Feira do Livro POA?,"A Feira do Livro de Porto Alegre costuma oferecer: bate-papos com autores, mesas de debate, lancamentos de livros, oficinas literarias e espacos para criancas. A programacao completa e divulgada em www.feiradolivro.com.br proximo ao evento."
quem ja participou da Flipocos?,"A Flipocos - Festa Literaria de Pocos de Caldas ja recebeu como convidados nomes como Conceicao Evaristo, Itamar Vieira Junior e Milton Hatoum, entre outros autores brasileiros e internacionais. Os convidados de cada nova edicao sao anunciados em www.flipocos.com.br."
falou,Ate logo! Espero ter ajudado. Continue participando das feiras literarias do Brasil!
o que acontece na FLIP?,"A FLIP - Festa Literaria Internacional de Paraty costuma oferecer: bate-papos com autores, mesas de debate, lancamentos de livros, oficinas literarias e espacos para criancas. A programacao completa e divulgada em www.flip.org.br proximo ao evento."
qual a historia da Festival Literario SC?,"A Festival Literario Catarinense e um dos principais festivais do Sul do Brasil, celebrando a literatura catarinense e nacional com debates, lancamentos e oficinas. Acesse www.festivalliterariosc.com.br para mais informacoes."
o que acontece na FLOR?,"A FLOR - Feira Literaria do Orgulho e Resistencia costuma oferecer: bate-papos com autores, mesas de debate, lancamentos de livros, oficinas literarias e espacos para criancas. A programacao completa e divulgada em www.feiraflor.com.br proximo ao evento."
quero saber tudo sobre a Festa Literaria POA,"A Festa Literaria de Porto Alegre e um dos principais eventos literarios do Sul do Brasil, com intensa programacao de autores regionais e nacionais. Ocorre em novembro em Porto Alegre (RS). Mais informacoes em festaliterariaportaalegre.com.br."
o que sao feiras literarias?,"Feiras literarias sao eventos culturais voltados para livros, leitura e literatura. Reunem editoras, autores e leitores em um so lugar, com debates, lancamentos, oficinas e vendas. No Brasil ha feiras em todas as regioes do pais."
qual e o local da Feira do Livro POA?,A Feira do Livro de Porto Alegre e realizada em Porto Alegre (RS) - Praca da Alfandega.
quem foi homenageado na Festival Literario SC?,"A Festival Literario Catarinense ja prestou homenagem a grandes nomes da literatura, como Antonieta de Barros, Salim Miguel e Cruz e Sousa. O autor ou autora homenageado(a) de cada edicao e anunciado(a) em www.festivalliterariosc.com.br."
qual o endereco da Bienal do Livro SP?,"A Bienal Internacional do Livro de Sao Paulo acontece em: Av. Olavo Fontoura, 1209 - Santana, Sao Paulo (SP) - CEP 02012-021 (Pavilhao do Anhembi). Mais detalhes logisticos em www.bienaldolivro.com.br."
o que e a bienal?,"A Bienal do Livro e um grande festival cultural e literario que reune editoras, livrarias, autores e leitores para celebrar a leitura. No Brasil temos varias: Bienal de Sao Paulo, Bienal do Rio de Janeiro, Bienal Bahia (Salvador) e Bienal de Pernambuco (Recife). Sobre qual delas voce gostaria de saber mais?"
qual a programacao da Bienal PE?,"A Bienal Internacional do Livro de Pernambuco costuma oferecer: bate-papos com autores, mesas de debate, lancamentos de livros, oficinas literarias e espacos para criancas. A programacao completa e divulgada em www.bienaldolivrope.com.br proximo ao evento."
tem bate-papo com autores na Festa Literaria POA?,"A Festa Literaria de Porto Alegre costuma oferecer: bate-papos com autores, mesas de debate, lancamentos de livros, oficinas literarias e espacos para criancas. A programacao completa e divulgada em festaliterariaportaalegre.com.br proximo ao evento."
qual o endereco completo da FLIC?,"O endereco da FLIC - Festa Literaria de Belo Horizonte e: Praca da Liberdade, s/n - Funcionarios, Belo Horizonte (MG) - CEP 30140-010 (Circuito Liberdade). Para informacoes de transporte e estacionamento, consulte www.flicbh.com.br."
me explica o que e a Bienal Bahia,"A Bienal do Livro Bahia e um dos maiores eventos literarios do Nordeste, reunindo autores, editoras e leitores em Salvador com forte identidade cultural baiana. Acesse www.bienaldolivrobahia.com.br para mais informacoes."
quanto e o ticket da Bienal Rio?,"Os precos dos ingressos da Bienal do Rio de Janeiro variam a cada edicao. Em geral, ha ingressos simbolicos (a partir de R$ 20,00) e costumam existir dias ou atividades de entrada gratuita. Verifique os valores atuais em www.bienaldorio.com.br."
qual o endereco da Bienal do Rio de Janeiro?,"O endereco da Bienal do Rio de Janeiro e: Av. Salvador Allende, 6555 - Barra da Tijuca, Rio de Janeiro (RJ) - CEP 22783-127 (Riocentro, Pavilhao 3). Para informacoes de transporte e estacionamento, consulte www.bienaldorio.com.br."
quais sao as bienais do livro no brasil?,"A Bienal do Livro e um grande festival cultural e literario que reune editoras, livrarias, autores e leitores para celebrar a leitura. No Brasil temos varias: Bienal de Sao Paulo, Bienal do Rio de Janeiro, Bienal Bahia (Salvador) e Bienal de Pernambuco (Recife). Sobre qual delas voce gostaria de saber mais?"
qual o endereco da Bienal PE?,"O endereco da Bienal Internacional do Livro de Pernambuco e: Centro de Convencoes de Pernambuco - Complexo Viario Via Expressa, s/n - Camaragibe (PE) - CEP 54768-000. Para informacoes de transporte e estacionamento, consulte www.bienaldolivrope.com.br."
por que a Flipocos e importante?,"A Flipocos - Festa Literaria de Pocos de Caldas e fundamental para fomentar a leitura e a cultura no Brasil, conectando autores, editoras e leitores de todo o pais. E uma experiencia enriquecedora para qualquer amante da literatura."
qual a data da FLIP?,"A FLIP - Festa Literaria Internacional de Paraty geralmente acontece em julho/agosto. Para as datas exatas desta edicao, consulte www.flip.org.br."
quando e a Flipocos?,"A Flipocos - Festa Literaria de Pocos de Caldas geralmente acontece em agosto. Para as datas exatas desta edicao, consulte www.flipocos.com.br."
qual o endereco completo da Feira do Livro POA?,"O endereco da Feira do Livro de Porto Alegre e: Praca da Alfandega, s/n - Centro Historico, Porto Alegre (RS) - CEP 90010-150. Para informacoes de transporte e estacionamento, consulte www.feiradolivro.com.br."
tem como me informar sobre a Festa Literaria POA?,"Claro! A Festa Literaria de Porto Alegre acontece em novembro, em Porto Alegre (RS). Para mais detalhes, acesse festaliterariaportaalegre.com.br."
qual o preco do ingresso para a Bienal do Livro SP?,"Os precos dos ingressos da Bienal Internacional do Livro de Sao Paulo variam a cada edicao. Em geral, ha ingressos simbolicos (a partir de R$ 20,00) e costumam existir dias ou atividades de entrada gratuita. Verifique os valores atuais em www.bienaldolivro.com.br."
tem oficinas na Feira Unesp?,"A Feira do Livro da Unesp costuma oferecer: bate-papos com autores, mesas de debate, lancamentos de livros, oficinas literarias e espacos para criancas. A programacao completa e divulgada em www.livraria.unesp.br proximo ao evento."
a Festival Literario SC ja homenageou quais autores?,"A Festival Literario Catarinense ja prestou homenagem a grandes nomes da literatura, como Antonieta de Barros, Cruz e Sousa e Salim Miguel. O autor ou autora homenageado(a) de cada edicao e anunciado(a) em www.festivalliterariosc.com.br."
qual a data da Feira do Livro POA?,"A Feira do Livro de Porto Alegre geralmente acontece em outubro/novembro. Para as datas exatas desta edicao, consulte www.feiradolivro.com.br."
a Feira do Livro da Unesp cobra entrada?,"Os precos dos ingressos da Feira do Livro da Unesp variam a cada edicao. Em geral, ha ingressos simbolicos (a partir de R$ 20,00) e costumam existir dias ou atividades de entrada gratuita. Verifique os valores atuais em www.livraria.unesp.br."
tem bate-papo com autores na Flipocos?,"A Flipocos - Festa Literaria de Pocos de Caldas costuma oferecer: bate-papos com autores, mesas de debate, lancamentos de livros, oficinas literarias e espacos para criancas. A programacao completa e divulgada em www.flipocos.com.br proximo ao evento."
quando e a Bienal Rio?,"A Bienal do Rio de Janeiro geralmente acontece em setembro. Para as datas exatas desta edicao, consulte www.bienaldorio.com.br."
quais eventos tem na Bienal Bahia?,"A Bienal do Livro Bahia costuma oferecer: bate-papos com autores, mesas de debate, lancamentos de livros, oficinas literarias e espacos para criancas. A programacao completa e divulgada em www.bienaldolivrobahia.com.br proximo ao evento."
em que epoca do ano rola a FLIP?,"A FLIP - Festa Literaria Internacional de Paraty geralmente acontece em julho/agosto. Para as datas exatas desta edicao, consulte www.flip.org.br."
quanto e o ticket da FLIC?,"Os precos dos ingressos da FLIC - Festa Literaria de Belo Horizonte variam a cada edicao. Em geral, ha ingressos simbolicos (a partir de R$ 20,00) e costumam existir dias ou atividades de entrada gratuita. Verifique os valores atuais em www.flicbh.com.br."
por que devo ir a Bienal do Livro SP?,"A Bienal Internacional do Livro de Sao Paulo e fundamental para fomentar a leitura e a cultura no Brasil, conectando autores, editoras e leitores de todo o pais. E uma experiencia enriquecedora para qualquer amante da literatura."
tem feira literaria perto de mim?,"Isso depende de onde voce mora! As principais feiras acontecem em Sao Paulo, Rio de Janeiro, Paraty (RJ), Belo Horizonte (MG) e Porto Alegre (RS). Qual cidade fica mais proxima de voce?"
quanto e o ticket da Feira do Livro POA?,"Os precos dos ingressos da Feira do Livro de Porto Alegre variam a cada edicao. Em geral, ha ingressos simbolicos (a partir de R$ 20,00) e costumam existir dias ou atividades de entrada gratuita. Verifique os valores atuais em www.feiradolivro.com.br."
em que mes acontece a FLIP?,"A FLIP - Festa Literaria Internacional de Paraty geralmente acontece em julho/agosto. Para as datas exatas desta edicao, consulte www.flip.org.br."
qual a cidade da Feira Unesp?,A Feira do Livro da Unesp e realizada em Sao Paulo (SP) - Campus da Unesp.
quais autores ja foram convidados para a Flipocos?,"A Flipocos - Festa Literaria de Pocos de Caldas ja recebeu como convidados nomes como Djamila Ribeiro, Itamar Vieira Junior e Conceicao Evaristo, entre outros autores brasileiros e internacionais. Os convidados de cada nova edicao sao anunciados em www.flipocos.com.br."
qual o endereco da Bienal Bahia?,"O endereco da Bienal do Livro Bahia e: Centro de Convencoes da Bahia - Av. Antonio Carlos Magalhaes, s/n - Stiep, Salvador (BA) - CEP 41770-019. Para informacoes de transporte e estacionamento, consulte www.bienaldolivrobahia.com.br."
quem ja foi convidado para a Flipocos?,"A Flipocos - Festa Literaria de Pocos de Caldas ja recebeu como convidados nomes como Conceicao Evaristo, Itamar Vieira Junior e Milton Hatoum, entre outros autores brasileiros e internacionais. Os convidados de cada nova edicao sao anunciados em www.flipocos.com.br."
o que e bienal do livro,"A Bienal do Livro e um grande festival cultural e literario que reune editoras, livrarias, autores e leitores para celebrar a leitura. No Brasil temos varias: Bienal de Sao Paulo, Bienal do Rio de Janeiro, Bienal Bahia (Salvador) e Bienal de Pernambuco (Recife). Sobre qual delas voce gostaria de saber mais?"
por que devo ir a Bienal PE?,"A Bienal Internacional do Livro de Pernambuco e fundamental para fomentar a leitura e a cultura no Brasil, conectando autores, editoras e leitores de todo o pais. E uma experiencia enriquecedora para qualquer amante da literatura."
qual o endereco da Feira do Livro POA?,"A Feira do Livro de Porto Alegre acontece em: Praca da Alfandega, s/n - Centro Historico, Porto Alegre (RS) - CEP 90010-150. Mais detalhes logisticos em www.feiradolivro.com.br."
eai,"Ola! Sou o ChatLitera, seu guia sobre feiras literarias brasileiras. Posso ajudar com datas, locais, programacao, ingressos e muito mais. O que voce quer saber?"
fala sobre a FLIC,"A FLIC - Festa Literaria de Belo Horizonte e um festival mineiro com forte identidade cultural, promovendo debates, oficinas e lancamentos de livros. Acesse www.flicbh.com.br para mais informacoes."
o que e uma bienal literaria?,"A Bienal do Livro e um grande festival cultural e literario que reune editoras, livrarias, autores e leitores para celebrar a leitura. No Brasil temos varias: Bienal de Sao Paulo, Bienal do Rio de Janeiro, Bienal Bahia (Salvador) e Bienal de Pernambuco (Recife). Sobre qual delas voce gostaria de saber mais?"
qual o impacto da Feira do Livro POA?,"A Feira do Livro de Porto Alegre e fundamental para fomentar a leitura e a cultura no Brasil, conectando autores, editoras e leitores de todo o pais. E uma experiencia enriquecedora para qualquer amante da literatura."
fala sobre a Bienal Rio,"A Bienal do Rio de Janeiro e um dos eventos mais aguardados do Rio, com lancamentos exclusivos e encontros com grandes autores brasileiros e internacionais. Acesse www.bienaldorio.com.br para mais informacoes."
qual a data da Feira Unesp?,"A Feira do Livro da Unesp geralmente acontece em outubro. Para as datas exatas desta edicao, consulte www.livraria.unesp.br."
quando e a Festa Literaria POA?,"A Festa Literaria de Porto Alegre geralmente acontece em novembro. Para as datas exatas desta edicao, consulte festaliterariaportaalegre.com.br."
me explica o que e a bienal do livro,"A Bienal do Livro e um grande festival cultural e literario que reune editoras, livrarias, autores e leitores para celebrar a leitura. No Brasil temos varias: Bienal de Sao Paulo, Bienal do Rio de Janeiro, Bienal Bahia (Salvador) e Bienal de Pernambuco (Recife). Sobre qual delas voce gostaria de saber mais?"
qual o endereco da FLIP?,"O endereco da FLIP - Festa Literaria Internacional de Paraty e: Praca da Matriz, s/n - Centro Historico, Paraty (RJ) - CEP 23970-000 (Casa da Cultura de Paraty e espacos do centro historico). Para informacoes de transporte e estacionamento, consulte www.flip.org.br."
obrigado tchau,Ate logo! Espero ter ajudado. Continue participando das feiras literarias do Brasil!
me diz autores que ja foram na Festa Literaria POA,"A Festa Literaria de Porto Alegre ja recebeu como convidados nomes como Djamila Ribeiro, Milton Hatoum e Conceicao Evaristo, entre outros autores brasileiros e internacionais. Os convidados de cada nova edicao sao anunciados em festaliterariaportaalegre.com.br."
a FLOR - Feira Literaria do Orgulho e Resistencia cobra entrada?,"Os precos dos ingressos da FLOR - Feira Literaria do Orgulho e Resistencia variam a cada edicao. Em geral, ha ingressos simbolicos (a partir de R$ 20,00) e costumam existir dias ou atividades de entrada gratuita. Verifique os valores atuais em www.feiraflor.com.br."
quem foi homenageado na Feira Unesp?,"A Feira do Livro da Unesp ja prestou homenagem a grandes nomes da literatura, como Mario de Andrade, Florestan Fernandes e Paulo Freire. O autor ou autora homenageado(a) de cada edicao e anunciado(a) em www.livraria.unesp.br."
qual o local exato da FLIC?,"O endereco da FLIC - Festa Literaria de Belo Horizonte e: Praca da Liberdade, s/n - Funcionarios, Belo Horizonte (MG) - CEP 30140-010 (Circuito Liberdade). Para informacoes de transporte e estacionamento, consulte www.flicbh.com.br."
qual o local exato da Bienal Rio?,"O endereco da Bienal do Rio de Janeiro e: Av. Salvador Allende, 6555 - Barra da Tijuca, Rio de Janeiro (RJ) - CEP 22783-127 (Riocentro, Pavilhao 3). Para informacoes de transporte e estacionamento, consulte www.bienaldorio.com.br."
qual o periodo da FLIC?,"A FLIC - Festa Literaria de Belo Horizonte geralmente acontece em junho. Para as datas exatas desta edicao, consulte www.flicbh.com.br."
qual o local exato da Flipocos?,"O endereco da Flipocos - Festa Literaria de Pocos de Caldas e: Thermas Antonio Carlos - Av. Francisco Salles, 544 - Centro, Pocos de Caldas (MG) - CEP 37701-366. Para informacoes de transporte e estacionamento, consulte www.flipocos.com.br."
tem como me informar sobre a Festa Literaria POA?,"Claro! A Festa Literaria de Porto Alegre acontece em novembro, em Porto Alegre (RS). Para mais detalhes, acesse festaliterariaportaalegre.com.br."
o que e a Bienal do Livro SP?,"A Bienal Internacional do Livro de Sao Paulo e um dos maiores eventos literarios da America Latina, reunindo editoras, autores e leitores do mundo inteiro. Acesse www.bienaldolivro.com.br para mais informacoes."
qual o endereco da FLIC?,"A FLIC - Festa Literaria de Belo Horizonte acontece em: Praca da Liberdade, s/n - Funcionarios, Belo Horizonte (MG) - CEP 30140-010 (Circuito Liberdade). Mais detalhes logisticos em www.flicbh.com.br."
me fale sobre a Feira do Livro POA,"A Feira do Livro de Porto Alegre e a mais antiga feira literaria do Brasil, realizada ao ar livre na iconica Praca da Alfandega desde 1955. Acesse www.feiradolivro.com.br para mais informacoes."
quem ja foi convidado para a FLIP?,"A FLIP - Festa Literaria Internacional de Paraty ja recebeu como convidados nomes como Milton Hatoum, Ailton Krenak e Lygia Fagundes Telles, entre outros autores brasileiros e internacionais. Os convidados de cada nova edicao sao anunciados em www.flip.org.br."
o que e a Festa Literaria POA?,"A Festa Literaria de Porto Alegre e um dos principais eventos literarios do Sul do Brasil, com intensa programacao de autores regionais e nacionais. Acesse festaliterariaportaalegre.com.br para mais informacoes."
quais escritores foram homenageados pela Feira Unesp?,"A Feira do Livro da Unesp ja prestou homenagem a grandes nomes da literatura, como Paulo Freire, Mario de Andrade e Florestan Fernandes. O autor ou autora homenageado(a) de cada edicao e anunciado(a) em www.livraria.unesp.br."
como chegar na Bienal Bahia?,"O endereco da Bienal do Livro Bahia e: Centro de Convencoes da Bahia - Av. Antonio Carlos Magalhaes, s/n - Stiep, Salvador (BA) - CEP 41770-019. Para informacoes de transporte e estacionamento, consulte www.bienaldolivrobahia.com.br."
quais eventos tem na FLIC?,"A FLIC - Festa Literaria de Belo Horizonte costuma oferecer: bate-papos com autores, mesas de debate, lancamentos de livros, oficinas literarias e espacos para criancas. A programacao completa e divulgada em www.flicbh.com.br proximo ao evento."
a Bienal Rio e paga?,"Os precos dos ingressos da Bienal do Rio de Janeiro variam a cada edicao. Em geral, ha ingressos simbolicos (a partir de R$ 20,00) e costumam existir dias ou atividades de entrada gratuita. Verifique os valores atuais em www.bienaldorio.com.br."
vale a pena ir na Bienal Bahia?,"A Bienal do Livro Bahia e fundamental para fomentar a leitura e a cultura no Brasil, conectando autores, editoras e leitores de todo o pais. E uma experiencia enriquecedora para qualquer amante da literatura."
me explica o que e a Bienal PE,"A Bienal Internacional do Livro de Pernambuco e um dos grandes festivais do livro no coracao do Nordeste, destacando autores regionais e internacionais com rica programacao cultural. Acesse www.bienaldolivrope.com.br para mais informacoes."
qual o endereco da Bienal Bahia?,"A Bienal do Livro Bahia acontece em: Centro de Convencoes da Bahia - Av. Antonio Carlos Magalhaes, s/n - Stiep, Salvador (BA) - CEP 41770-019. Mais detalhes logisticos em www.bienaldolivrobahia.com.br."
o que tem na Festival Literario SC?,"A Festival Literario Catarinense costuma oferecer: bate-papos com autores, mesas de debate, lancamentos de livros, oficinas literarias e espacos para criancas. A programacao completa e divulgada em www.festivalliterariosc.com.br proximo ao evento."
qual a cidade da Bienal do Livro SP?,A Bienal Internacional do Livro de Sao Paulo e realizada em Sao Paulo (SP) - Pavilhao do Anhembi.
qual o local exato da Festival Literario SC?,"O endereco da Festival Literario Catarinense e: Centro Integrado de Cultura - Av. Irineu Bornhausen, 5600 - Agronomica, Florianopolis (SC) - CEP 88034-100 (CIC Florianopolis). Para informacoes de transporte e estacionamento, consulte www.festivalliterariosc.com.br."
quem ja foi convidado para a Feira Unesp?,"A Feira do Livro da Unesp ja recebeu como convidados nomes como Milton Hatoum, Conceicao Evaristo e Djamila Ribeiro, entre outros autores brasileiros e internacionais. Os convidados de cada nova edicao sao anunciados em www.livraria.unesp.br."
quais as datas da FLIP - Festa Literaria Internacional de Paraty?,"A FLIP - Festa Literaria Internacional de Paraty geralmente acontece em julho/agosto. Para as datas exatas desta edicao, consulte www.flip.org.br."
quais autores participam da Festa Literaria de Porto Alegre?,"A Festa Literaria de Porto Alegre ja recebeu como convidados nomes como Ailton Krenak, Djamila Ribeiro e Milton Hatoum, entre outros autores brasileiros e internacionais. Os convidados de cada nova edicao sao anunciados em festaliterariaportaalegre.com.br."
tem como me informar sobre a FLOR?,"Claro! A FLOR - Feira Literaria do Orgulho e Resistencia acontece em junho, em Sao Paulo (SP). Para mais detalhes, acesse www.feiraflor.com.br."
qual a programacao da Festa Literaria POA?,"A Festa Literaria de Porto Alegre costuma oferecer: bate-papos com autores, mesas de debate, lancamentos de livros, oficinas literarias e espacos para criancas. A programacao completa e divulgada em festaliterariaportaalegre.com.br proximo ao evento."
qual o endereco da Flipocos?,"A Flipocos - Festa Literaria de Pocos de Caldas acontece em: Thermas Antonio Carlos - Av. Francisco Salles, 544 - Centro, Pocos de Caldas (MG) - CEP 37701-366. Mais detalhes logisticos em www.flipocos.com.br."
qual a programacao da Flipocos?,"A Flipocos - Festa Literaria de Pocos de Caldas costuma oferecer: bate-papos com autores, mesas de debate, lancamentos de livros, oficinas literarias e espacos para criancas. A programacao completa e divulgada em www.flipocos.com.br proximo ao evento."
